bid_price,ask_price,price,spread,24h_volume,timestamp,currency,exchange
37323.9,37324.0,37323.95,0.0999999999985448,7080.98410615,1627375059.7106235,BTC-USD,Kraken
37324.1,37324.2,37324.15,0.0999999999985448,7078.24146457,1627375079.273277,BTC-USD,Kraken
37323.9,37324.0,37323.95,0.0999999999985448,7078.24156457,1627375099.005772,BTC-USD,Kraken
37323.9,37324.0,37323.95,0.0999999999985448,7072.6515729,1627375117.0433145,BTC-USD,Kraken
37324.0,37324.1,37324.05,0.0999999999985448,7072.6318729,1627375134.6916616,BTC-USD,Kraken
37325.2,37325.3,37325.25,0.1000000000058207,7071.96260303,1627375154.0527856,BTC-USD,Kraken
37325.2,37325.3,37325.25,0.1000000000058207,7071.96260303,1627375174.0186784,BTC-USD,Kraken
37332.5,37332.6,37332.55,0.0999999999985448,7071.96067803,1627375191.5481777,BTC-USD,Kraken
37330.3,37330.4,37330.350000000006,0.0999999999985448,7071.95160629,1627375209.2373562,BTC-USD,Kraken
37325.2,37325.3,37325.25,0.1000000000058207,7071.69957929,1627375229.5267355,BTC-USD,Kraken
37317.6,37317.7,37317.65,0.0999999999985448,7072.47107711,1627375247.2635057,BTC-USD,Kraken
37317.6,37317.7,37317.65,0.0999999999985448,7073.88855559,1627375264.896304,BTC-USD,Kraken
37317.6,37317.7,37317.65,0.0999999999985448,7074.67912555,1627375284.3969383,BTC-USD,Kraken
37300.2,37300.3,37300.25,0.1000000000058207,7077.93801143,1627375302.0914974,BTC-USD,Kraken
37285.6,37285.7,37285.65,0.0999999999985448,7078.21441143,1627375319.7200024,BTC-USD,Kraken
37285.6,37285.7,37285.65,0.0999999999985448,7078.21962507,1627375339.6050262,BTC-USD,Kraken
37285.6,37285.7,37285.65,0.0999999999985448,7077.72012507,1627375357.5177662,BTC-USD,Kraken
37285.6,37285.7,37285.65,0.0999999999985448,7077.73969167,1627375375.216505,BTC-USD,Kraken
37285.6,37285.7,37285.65,0.0999999999985448,7077.8096559,1627375393.4969733,BTC-USD,Kraken
37285.6,37285.7,37285.65,0.0999999999985448,7077.25659946,1627375411.469811,BTC-USD,Kraken
37285.6,37285.7,37285.65,0.0999999999985448,7077.24391744,1627375428.5126617,BTC-USD,Kraken
37285.6,37285.7,37285.65,0.0999999999985448,7076.28361537,1627375445.7217505,BTC-USD,Kraken
37285.6,37285.7,37285.65,0.0999999999985448,7067.14315226,1627375463.052198,BTC-USD,Kraken
37285.6,37285.7,37285.65,0.0999999999985448,7066.84761174,1627375480.032584,BTC-USD,Kraken
37285.6,37285.7,37285.65,0.0999999999985448,7066.66744963,1627375497.421101,BTC-USD,Kraken
37280.2,37280.3,37280.25,0.1000000000058207,7065.76988626,1627375514.5013337,BTC-USD,Kraken
37271.5,37271.6,37271.55,0.0999999999985448,7065.70832139,1627375531.6043105,BTC-USD,Kraken
37260.0,37260.1,37260.05,0.0999999999985448,7064.65593766,1627375548.648742,BTC-USD,Kraken
37261.8,37261.9,37261.850000000006,0.0999999999985448,7064.65498726,1627375565.693191,BTC-USD,Kraken
37315.5,37315.6,37315.55,0.0999999999985448,7063.70620647,1627375582.827917,BTC-USD,Kraken
37306.0,37308.5,37307.25,2.5,7063.73914645,1627375599.87428,BTC-USD,Kraken
37301.7,37301.8,37301.75,0.1000000000058207,7063.5194626,1627375616.9405992,BTC-USD,Kraken
37317.0,37317.1,37317.05,0.0999999999985448,7056.8072935,1627375633.9846208,BTC-USD,Kraken
37298.4,37298.5,37298.45,0.0999999999985448,7056.40020392,1627375651.044991,BTC-USD,Kraken
37303.5,37303.6,37303.55,0.0999999999985448,7056.41169992,1627375668.1573997,BTC-USD,Kraken
37303.5,37303.6,37303.55,0.0999999999985448,7056.41169992,1627375685.1341565,BTC-USD,Kraken
37317.0,37317.1,37317.05,0.0999999999985448,7056.41169992,1627375702.2272377,BTC-USD,Kraken
37349.0,37352.4,37350.7,3.400000000001455,7055.71993813,1627375719.8932378,BTC-USD,Kraken
37336.8,37336.9,37336.850000000006,0.0999999999985448,7054.03483833,1627375737.6936274,BTC-USD,Kraken
37362.4,37362.5,37362.45,0.0999999999985448,7050.58503833,1627375755.424701,BTC-USD,Kraken
37362.4,37362.5,37362.45,0.0999999999985448,7050.1644889,1627375773.0275688,BTC-USD,Kraken
37362.4,37362.5,37362.45,0.0999999999985448,7049.1644889,1627375790.2416072,BTC-USD,Kraken
37340.1,37340.2,37340.15,0.0999999999985448,7046.73365339,1627375807.3126495,BTC-USD,Kraken
37333.9,37334.0,37333.95,0.0999999999985448,7046.73365339,1627375824.4060616,BTC-USD,Kraken
37333.9,37334.0,37333.95,0.0999999999985448,7046.72886539,1627375841.50322,BTC-USD,Kraken
37336.8,37336.9,37336.850000000006,0.0999999999985448,7046.72886539,1627375858.7243357,BTC-USD,Kraken
37336.8,37336.9,37336.850000000006,0.0999999999985448,7046.72886539,1627375875.77171,BTC-USD,Kraken
37346.0,37346.1,37346.05,0.0999999999985448,7046.69971848,1627375892.9294865,BTC-USD,Kraken
37346.0,37346.1,37346.05,0.0999999999985448,7046.19887848,1627375909.9628105,BTC-USD,Kraken
37346.0,37346.1,37346.05,0.0999999999985448,7046.19777848,1627375927.3772542,BTC-USD,Kraken
37346.0,37346.1,37346.05,0.0999999999985448,7046.0109269,1627375944.5242505,BTC-USD,Kraken
37346.0,37346.1,37346.05,0.0999999999985448,7043.50923731,1627375961.6888294,BTC-USD,Kraken
37346.0,37346.1,37346.05,0.0999999999985448,7022.52255091,1627375978.7270224,BTC-USD,Kraken
37346.0,37346.1,37346.05,0.0999999999985448,7022.54885091,1627375995.9654,BTC-USD,Kraken
37346.0,37346.1,37346.05,0.0999999999985448,7022.51832349,1627376013.0803614,BTC-USD,Kraken
37346.0,37346.1,37346.05,0.0999999999985448,7022.75863514,1627376030.3586423,BTC-USD,Kraken
37334.1,37334.2,37334.15,0.0999999999985448,7022.15235579,1627376047.482818,BTC-USD,Kraken
37334.1,37334.2,37334.15,0.0999999999985448,7021.13241606,1627376065.375563,BTC-USD,Kraken
37334.1,37334.2,37334.15,0.0999999999985448,7021.13261606,1627376082.5182023,BTC-USD,Kraken
37335.9,37336.0,37335.95,0.0999999999985448,7020.52027205,1627376100.1512084,BTC-USD,Kraken
37335.9,37336.0,37335.95,0.0999999999985448,7020.65401711,1627376117.4811797,BTC-USD,Kraken
37334.2,37334.3,37334.25,0.1000000000058207,7020.65712435,1627376134.6791525,BTC-USD,Kraken
37334.1,37334.2,37334.15,0.0999999999985448,7018.66820181,1627376152.156748,BTC-USD,Kraken
37320.4,37320.5,37320.45,0.0999999999985448,7018.72834967,1627376169.3680985,BTC-USD,Kraken
37320.2,37320.3,37320.25,0.1000000000058207,7018.72944849,1627376186.739447,BTC-USD,Kraken
37320.4,37320.5,37320.45,0.0999999999985448,7018.6413187,1627376203.926626,BTC-USD,Kraken
37320.2,37320.3,37320.25,0.1000000000058207,7017.85095092,1627376221.0571277,BTC-USD,Kraken
37308.1,37308.2,37308.15,0.0999999999985448,7018.01999258,1627376238.555679,BTC-USD,Kraken
37300.0,37300.1,37300.05,0.0999999999985448,7018.12474027,1627376255.6756582,BTC-USD,Kraken
37275.2,37275.3,37275.25,0.1000000000058207,7018.23114027,1627376272.7462902,BTC-USD,Kraken
37299.8,37299.9,37299.850000000006,0.0999999999985448,7009.05113685,1627376289.8345203,BTC-USD,Kraken
37275.2,37275.3,37275.25,0.1000000000058207,7008.93622968,1627376307.1680267,BTC-USD,Kraken
37275.2,37275.3,37275.25,0.1000000000058207,7008.5447922,1627376324.6602838,BTC-USD,Kraken
37260.0,37260.1,37260.05,0.0999999999985448,7008.5436672,1627376342.4318104,BTC-USD,Kraken
37260.0,37260.1,37260.05,0.0999999999985448,7008.54994764,1627376360.2018142,BTC-USD,Kraken
37276.6,37276.7,37276.65,0.0999999999985448,7008.55381315,1627376377.5206754,BTC-USD,Kraken
37278.9,37279.0,37278.95,0.0999999999985448,7008.97479309,1627376394.6443305,BTC-USD,Kraken
37278.9,37279.0,37278.95,0.0999999999985448,7008.96857264,1627376411.6950035,BTC-USD,Kraken
37273.4,37273.5,37273.45,0.0999999999985448,7008.80545258,1627376429.429587,BTC-USD,Kraken
37278.8,37278.9,37278.850000000006,0.0999999999985448,7008.72397294,1627376446.7116213,BTC-USD,Kraken
37278.9,37279.0,37278.95,0.0999999999985448,7008.72397294,1627376463.8482926,BTC-USD,Kraken
37283.3,37283.4,37283.350000000006,0.0999999999985448,7008.44007294,1627376483.61028,BTC-USD,Kraken
37298.4,37298.5,37298.45,0.0999999999985448,7008.02507405,1627376500.7515855,BTC-USD,Kraken
37301.9,37302.0,37301.95,0.0999999999985448,7007.29724506,1627376517.7822597,BTC-USD,Kraken
37301.0,37302.0,37301.5,1.0,7005.80883039,1627376534.8066416,BTC-USD,Kraken
37301.9,37302.0,37301.95,0.0999999999985448,6999.98935064,1627376552.860078,BTC-USD,Kraken
37301.9,37302.0,37301.95,0.0999999999985448,6999.82600482,1627376570.1379662,BTC-USD,Kraken
37308.2,37311.4,37309.8,3.2000000000043656,6999.80800482,1627376587.547887,BTC-USD,Kraken
37312.8,37314.1,37313.45,1.2999999999956344,6999.80536313,1627376604.6400902,BTC-USD,Kraken
37317.8,37317.9,37317.850000000006,0.0999999999985448,7000.02014214,1627376621.951264,BTC-USD,Kraken
37317.0,37317.9,37317.45,0.9000000000014552,6999.75588186,1627376639.6984873,BTC-USD,Kraken
37317.9,37318.0,37317.95,0.0999999999985448,6998.73927227,1627376656.8835337,BTC-USD,Kraken
37317.9,37318.0,37317.95,0.0999999999985448,6998.62137161,1627376674.1406772,BTC-USD,Kraken
37317.9,37318.0,37317.95,0.0999999999985448,6998.56692459,1627376691.2066195,BTC-USD,Kraken
37317.9,37318.0,37317.95,0.0999999999985448,6998.51676486,1627376708.2802017,BTC-USD,Kraken
37317.9,37318.0,37317.95,0.0999999999985448,6998.47370106,1627376725.7554042,BTC-USD,Kraken
37317.9,37318.0,37317.95,0.0999999999985448,6998.14435038,1627376742.970012,BTC-USD,Kraken
37317.9,37318.0,37317.95,0.0999999999985448,6995.4285446,1627376760.1722386,BTC-USD,Kraken
37293.5,37293.6,37293.55,0.0999999999985448,6994.06091244,1627376777.563603,BTC-USD,Kraken
37290.3,37290.4,37290.350000000006,0.0999999999985448,6991.84805004,1627376794.8332872,BTC-USD,Kraken
37302.0,37302.1,37302.05,0.0999999999985448,6991.73637004,1627376811.9862924,BTC-USD,Kraken
37297.0,37302.1,37299.55,5.099999999998545,6990.36293027,1627376829.4559827,BTC-USD,Kraken
37290.3,37290.4,37290.350000000006,0.0999999999985448,6990.18865656,1627376846.7187655,BTC-USD,Kraken
37290.3,37290.4,37290.350000000006,0.0999999999985448,6988.83868656,1627376863.8198402,BTC-USD,Kraken
37298.0,37298.7,37298.35,0.6999999999970896,6988.88928656,1627376881.5323875,BTC-USD,Kraken
37305.5,37305.6,37305.55,0.0999999999985448,6988.87616785,1627376899.2149315,BTC-USD,Kraken
37313.0,37314.8,37313.9,1.8000000000029104,6989.05691219,1627376916.4507258,BTC-USD,Kraken
37314.7,37314.8,37314.75,0.1000000000058207,6988.75691219,1627376933.672332,BTC-USD,Kraken
37314.7,37314.8,37314.75,0.1000000000058207,6988.75301219,1627376950.9784262,BTC-USD,Kraken
37314.7,37314.8,37314.75,0.1000000000058207,6988.74104191,1627376968.123956,BTC-USD,Kraken
37314.7,37314.8,37314.75,0.1000000000058207,6988.7660032,1627376985.2840798,BTC-USD,Kraken
37317.0,37317.1,37317.05,0.0999999999985448,6992.94336718,1627377002.4506688,BTC-USD,Kraken
37314.7,37314.8,37314.75,0.1000000000058207,6993.19787691,1627377022.559113,BTC-USD,Kraken
37272.7,37274.3,37273.5,1.6000000000058208,6993.11558909,1627377039.6796796,BTC-USD,Kraken
37231.4,37235.8,37233.600000000006,4.400000000001455,6995.1382693,1627377056.946614,BTC-USD,Kraken
37226.7,37226.8,37226.75,0.1000000000058207,6995.3756462,1627377074.0859408,BTC-USD,Kraken
37246.9,37251.0,37248.95,4.099999999998545,6995.45564619,1627377091.344632,BTC-USD,Kraken
37253.2,37253.3,37253.25,0.1000000000058207,6995.6603488,1627377109.2027118,BTC-USD,Kraken
37259.2,37259.3,37259.25,0.1000000000058207,6995.45197813,1627377126.618511,BTC-USD,Kraken
37259.9,37260.0,37259.95,0.0999999999985448,6995.23483658,1627377144.3889277,BTC-USD,Kraken
37259.9,37260.0,37259.95,0.0999999999985448,6992.69907679,1627377162.433397,BTC-USD,Kraken
37259.9,37260.0,37259.95,0.0999999999985448,6990.59233816,1627377179.5996108,BTC-USD,Kraken
37260.1,37261.5,37260.8,1.4000000000014552,6989.85763742,1627377196.9732935,BTC-USD,Kraken
37260.0,37260.1,37260.05,0.0999999999985448,6989.96764758,1627377214.2683196,BTC-USD,Kraken
37273.4,37273.5,37273.45,0.0999999999985448,6989.96831562,1627377231.4579191,BTC-USD,Kraken
37284.7,37284.8,37284.75,0.1000000000058207,6989.96335352,1627377248.6551473,BTC-USD,Kraken
37284.7,37284.8,37284.75,0.1000000000058207,6989.34072779,1627377265.887572,BTC-USD,Kraken
37294.2,37294.3,37294.25,0.1000000000058207,6989.36740279,1627377283.6320746,BTC-USD,Kraken
37295.9,37296.0,37295.95,0.0999999999985448,6989.35970042,1627377300.9764864,BTC-USD,Kraken
37304.7,37304.8,37304.75,0.1000000000058207,6988.33671322,1627377318.651584,BTC-USD,Kraken
37284.7,37284.8,37284.75,0.1000000000058207,6988.36731371,1627377336.7726789,BTC-USD,Kraken
37260.0,37260.1,37260.05,0.0999999999985448,6988.85109047,1627377354.5399168,BTC-USD,Kraken
37260.0,37260.1,37260.05,0.0999999999985448,6988.94079047,1627377372.02474,BTC-USD,Kraken
37250.2,37250.3,37250.25,0.1000000000058207,6989.54029189,1627377389.3261054,BTC-USD,Kraken
37250.0,37250.1,37250.05,0.0999999999985448,6989.9229692,1627377406.5067437,BTC-USD,Kraken
37229.0,37229.1,37229.05,0.0999999999985448,6990.1748516,1627377423.9945636,BTC-USD,Kraken
37226.8,37226.9,37226.850000000006,0.0999999999985448,6990.18437082,1627377442.612206,BTC-USD,Kraken
37226.9,37227.0,37226.95,0.0999999999985448,6990.18437082,1627377459.80238,BTC-USD,Kraken
37226.9,37227.0,37226.95,0.0999999999985448,6990.20220361,1627377477.354173,BTC-USD,Kraken
37226.9,37227.0,37226.95,0.0999999999985448,6990.20220361,1627377494.689527,BTC-USD,Kraken
37227.0,37227.1,37227.05,0.0999999999985448,6991.2226041,1627377512.6057727,BTC-USD,Kraken
37227.0,37227.1,37227.05,0.0999999999985448,6991.09790603,1627377529.8826425,BTC-USD,Kraken
37234.3,37234.4,37234.350000000006,0.0999999999985448,6991.11114804,1627377547.4769442,BTC-USD,Kraken
37234.3,37234.4,37234.350000000006,0.0999999999985448,6990.79226661,1627377564.8598654,BTC-USD,Kraken
37207.7,37207.8,37207.75,0.1000000000058207,6991.12712925,1627377582.0308418,BTC-USD,Kraken
37203.4,37203.5,37203.45,0.0999999999985448,6991.62068941,1627377599.2766674,BTC-USD,Kraken
37203.4,37203.5,37203.45,0.0999999999985448,6991.38801309,1627377616.6716306,BTC-USD,Kraken
37226.4,37226.5,37226.45,0.0999999999985448,6991.20448841,1627377634.1011438,BTC-USD,Kraken
37194.0,37194.1,37194.05,0.0999999999985448,6992.37883406,1627377651.292143,BTC-USD,Kraken
37221.9,37222.0,37221.95,0.0999999999985448,6992.51260677,1627377669.4429452,BTC-USD,Kraken
37282.34,37282.35,37282.345,0.0100000000020372,32869.84420265131,1627375059.6479225,BTC-USD,Huobi
37290.15,37290.16,37290.155,0.0100000000020372,32871.68941765131,1627375079.2224748,BTC-USD,Huobi
37282.78,37282.79,37282.785,0.0100000000020372,32833.57017335987,1627375098.937787,BTC-USD,Huobi
37286.35,37286.36,37286.355,0.0100000000020372,32835.65469681167,1627375116.9916136,BTC-USD,Huobi
37284.18,37284.19,37284.185,0.0100000000020372,32843.16496264422,1627375134.6199148,BTC-USD,Huobi
37287.14,37287.15,37287.145,0.0100000000020372,32836.491652489,1627375153.9596827,BTC-USD,Huobi
37282.78,37282.79,37282.785,0.0100000000020372,32838.92028610223,1627375173.9728584,BTC-USD,Huobi
37299.69,37299.7,37299.695,0.0099999999947613,32861.03421842505,1627375191.494488,BTC-USD,Huobi
37300.74,37300.75,37300.745,0.0100000000020372,32852.60847902686,1627375209.1695623,BTC-USD,Huobi
37282.78,37282.79,37282.785,0.0100000000020372,32866.86208820063,1627375229.468902,BTC-USD,Huobi
37259.82,37259.83,37259.825,0.0100000000020372,32870.35478698744,1627375247.2064831,BTC-USD,Huobi
37259.88,37259.89,37259.885,0.0100000000020372,32832.2794854684,1627375264.8464985,BTC-USD,Huobi
37255.53,37255.54,37255.535,0.0100000000020372,32833.22670302899,1627375284.3384645,BTC-USD,Huobi
37237.44,37239.55,37238.495,2.110000000000582,32846.0064367402,1627375302.018617,BTC-USD,Huobi
37239.29,37239.3,37239.295,0.0100000000020372,32847.468438975346,1627375319.669071,BTC-USD,Huobi
37240.35,37240.36,37240.355,0.0100000000020372,32839.43320248292,1627375339.5499015,BTC-USD,Huobi
37249.99,37250.0,37249.995,0.0100000000020372,32840.094813711985,1627375357.458475,BTC-USD,Huobi
37252.3,37252.31,37252.305,0.0099999999947613,32840.788401188685,1627375375.1464798,BTC-USD,Huobi
37252.33,37252.34,37252.335,0.0099999999947613,32837.5954220937,1627375393.4452946,BTC-USD,Huobi
37248.96,37248.97,37248.965,0.0100000000020372,32838.02493226116,1627375411.4182284,BTC-USD,Huobi
37242.76,37242.77,37242.765,0.0099999999947613,32840.77166709946,1627375428.466545,BTC-USD,Huobi
37243.23,37243.24,37243.235,0.0099999999947613,32831.250259199616,1627375445.670491,BTC-USD,Huobi
37233.15,37233.16,37233.155,0.0100000000020372,32831.979927515335,1627375462.997644,BTC-USD,Huobi
37232.73,37232.74,37232.735,0.0099999999947613,32832.229294123055,1627375479.9746354,BTC-USD,Huobi
37239.37,37239.38,37239.375,0.0099999999947613,32832.76278312306,1627375497.363042,BTC-USD,Huobi
37229.74,37229.75,37229.745,0.0100000000020372,32829.36063432018,1627375514.4630868,BTC-USD,Huobi
37215.25,37215.26,37215.255000000005,0.0100000000020372,32830.91466332018,1627375531.550713,BTC-USD,Huobi
37211.98,37211.99,37211.985,0.0099999999947613,32840.46401528806,1627375548.6024773,BTC-USD,Huobi
37241.99,37242.0,37241.995,0.0100000000020372,32829.53036077092,1627375565.6403394,BTC-USD,Huobi
37284.4,37284.41,37284.405,0.0100000000020372,32830.909938491095,1627375582.766634,BTC-USD,Huobi
37269.02,37269.03,37269.025,0.0100000000020372,32831.288315491096,1627375599.8238027,BTC-USD,Huobi
37264.94,37264.95,37264.945,0.0099999999947613,32831.716987845786,1627375616.8600276,BTC-USD,Huobi
37287.72,37289.52,37288.62,1.7999999999956344,32827.4497049502,1627375633.9223588,BTC-USD,Huobi
37265.46,37265.47,37265.465,0.0100000000020372,32829.897185337555,1627375650.9932888,BTC-USD,Huobi
37277.99,37278.0,37277.995,0.0100000000020372,32830.456123819626,1627375668.0784743,BTC-USD,Huobi
37274.33,37274.34,37274.335,0.0099999999947613,32811.62424231716,1627375685.0955176,BTC-USD,Huobi
37291.72,37291.73,37291.725000000006,0.0100000000020372,32812.73830679305,1627375702.1717942,BTC-USD,Huobi
37314.0,37314.01,37314.005000000005,0.0100000000020372,32830.98348545978,1627375719.8399286,BTC-USD,Huobi
37311.75,37311.76,37311.755000000005,0.0100000000020372,32837.926992721994,1627375737.6385543,BTC-USD,Huobi
37331.99,37332.0,37331.995,0.0100000000020372,32827.83142558335,1627375755.3721,BTC-USD,Huobi
37328.42,37328.43,37328.425,0.0100000000020372,32828.62677142046,1627375772.970474,BTC-USD,Huobi
37349.99,37350.0,37349.995,0.0100000000020372,32829.72479042046,1627375790.1923652,BTC-USD,Huobi
37296.87,37296.88,37296.875,0.0099999999947613,32834.16061002303,1627375807.2520494,BTC-USD,Huobi
37293.0,37293.01,37293.005000000005,0.0100000000020372,32835.13228626919,1627375824.3559709,BTC-USD,Huobi
37307.63,37307.64,37307.635,0.0100000000020372,32835.57619615506,1627375841.4599805,BTC-USD,Huobi
37307.63,37307.64,37307.635,0.0100000000020372,32835.80366315506,1627375858.675817,BTC-USD,Huobi
37305.2,37305.21,37305.205,0.0100000000020372,32829.995584531,1627375875.7266674,BTC-USD,Huobi
37312.06,37312.07,37312.065,0.0100000000020372,32835.71441347465,1627375892.8824742,BTC-USD,Huobi
37318.24,37318.25,37318.245,0.0100000000020372,32837.0493902655,1627375909.9206812,BTC-USD,Huobi
37315.32,37315.33,37315.325,0.0100000000020372,32826.27252701417,1627375927.3344846,BTC-USD,Huobi
37307.93,37307.94,37307.935,0.0100000000020372,32827.23031307488,1627375944.4586496,BTC-USD,Huobi
37313.09,37313.1,37313.095,0.0100000000020372,32827.88427080098,1627375961.6376488,BTC-USD,Huobi
37304.93,37304.94,37304.935,0.0100000000020372,32828.784266150025,1627375978.6757493,BTC-USD,Huobi
37312.42,37312.43,37312.425,0.0100000000020372,32814.22147357208,1627375995.9308329,BTC-USD,Huobi
37298.75,37298.76,37298.755000000005,0.0100000000020372,32814.95761610412,1627376013.0202942,BTC-USD,Huobi
37301.21,37301.22,37301.215,0.0100000000020372,32816.798574842964,1627376030.2265806,BTC-USD,Huobi
37289.75,37289.76,37289.755000000005,0.0100000000020372,32809.33732830572,1627376047.4089987,BTC-USD,Huobi
37289.44,37289.45,37289.445,0.0099999999947613,32809.75488409173,1627376065.3249068,BTC-USD,Huobi
37307.06,37307.07,37307.065,0.0100000000020372,32810.15820609173,1627376082.466475,BTC-USD,Huobi
37307.06,37307.07,37307.065,0.0100000000020372,32806.09470469551,1627376100.1256282,BTC-USD,Huobi
37301.99,37302.0,37301.995,0.0100000000020372,32810.52540186093,1627376117.4213188,BTC-USD,Huobi
37304.23,37304.24,37304.235,0.0099999999947613,32815.943490860926,1627376134.6267092,BTC-USD,Huobi
37295.76,37295.77,37295.765,0.0099999999947613,32817.02285777046,1627376152.1068628,BTC-USD,Huobi
37278.84,37278.85,37278.845,0.0100000000020372,32814.991423973326,1627376169.3344865,BTC-USD,Huobi
37282.89,37282.9,37282.895,0.0100000000020372,32816.979866207046,1627376186.690081,BTC-USD,Huobi
37286.48,37286.49,37286.485,0.0099999999947613,32818.12471851543,1627376203.8824782,BTC-USD,Huobi
37274.78,37274.79,37274.785,0.0100000000020372,32810.15400681054,1627376221.0113716,BTC-USD,Huobi
37267.23,37267.24,37267.235,0.0099999999947613,32812.79108881054,1627376238.5040731,BTC-USD,Huobi
37262.83,37262.84,37262.835,0.0099999999947613,32813.41305081054,1627376255.6356509,BTC-USD,Huobi
37250.29,37250.3,37250.295,0.0100000000020372,32835.02925387682,1627376272.6893473,BTC-USD,Huobi
37257.01,37257.02,37257.015,0.0099999999947613,32832.71377394989,1627376289.7708545,BTC-USD,Huobi
37229.01,37229.02,37229.015,0.0099999999947613,32833.72704629477,1627376307.1266298,BTC-USD,Huobi
37217.67,37217.68,37217.675,0.0100000000020372,32847.774268089546,1627376324.610289,BTC-USD,Huobi
37236.65,37236.66,37236.655,0.0100000000020372,32850.6825299606,1627376342.3984904,BTC-USD,Huobi
37229.03,37229.04,37229.035,0.0100000000020372,32852.0191459606,1627376360.1443112,BTC-USD,Huobi
37249.99,37250.0,37249.995,0.0100000000020372,32853.0077339606,1627376377.503832,BTC-USD,Huobi
37250.11,37250.12,37250.115000000005,0.0100000000020372,32854.27516863842,1627376394.591492,BTC-USD,Huobi
37252.03,37252.04,37252.035,0.0100000000020372,32847.2810356784,1627376411.6371026,BTC-USD,Huobi
37245.47,37245.48,37245.475000000006,0.0100000000020372,32857.98223567839,1627376429.3664415,BTC-USD,Huobi
37253.28,37253.29,37253.285,0.0100000000020372,32863.90850629395,1627376446.6384385,BTC-USD,Huobi
37251.1,37251.11,37251.105,0.0100000000020372,32835.87280202944,1627376463.8104663,BTC-USD,Huobi
37258.32,37258.33,37258.325,0.0100000000020372,32836.70478974968,1627376483.5643487,BTC-USD,Huobi
37268.4,37268.41,37268.405,0.0100000000020372,32839.22726738635,1627376500.6944685,BTC-USD,Huobi
37270.64,37270.65,37270.645,0.0100000000020372,32839.35273001891,1627376517.70264,BTC-USD,Huobi
37266.83,37266.84,37266.835,0.0099999999947613,32766.464015637983,1627376534.742478,BTC-USD,Huobi
37279.87,37279.88,37279.875,0.0099999999947613,32767.071647637986,1627376552.7924016,BTC-USD,Huobi
37286.21,37286.22,37286.215,0.0100000000020372,32768.18725563798,1627376570.0904913,BTC-USD,Huobi
37280.08,37280.09,37280.085,0.0099999999947613,32765.48605705752,1627376587.482638,BTC-USD,Huobi
37283.69,37283.7,37283.695,0.0099999999947613,32767.79913846347,1627376604.590465,BTC-USD,Huobi
37292.42,37292.43,37292.425,0.0100000000020372,32768.79173021895,1627376621.902642,BTC-USD,Huobi
37292.22,37292.23,37292.225000000006,0.0100000000020372,32769.652399218954,1627376639.6466367,BTC-USD,Huobi
37292.45,37292.46,37292.455,0.0100000000020372,32759.75165606755,1627376656.8307943,BTC-USD,Huobi
37298.9,37298.91,37298.905,0.0100000000020372,32760.659606752302,1627376674.037972,BTC-USD,Huobi
37292.91,37292.92,37292.915,0.0099999999947613,32761.43281188829,1627376691.1424713,BTC-USD,Huobi
37286.0,37286.01,37286.005000000005,0.0100000000020372,32759.73372880264,1627376708.234481,BTC-USD,Huobi
37275.55,37275.56,37275.555,0.0099999999947613,32761.77316933192,1627376725.722468,BTC-USD,Huobi
37270.62,37270.63,37270.625,0.0099999999947613,32762.08835567973,1627376742.9144812,BTC-USD,Huobi
37263.84,37263.85,37263.845,0.0100000000020372,32733.204721817263,1627376760.122468,BTC-USD,Huobi
37255.0,37255.01,37255.005000000005,0.0100000000020372,32735.329634020007,1627376777.5002856,BTC-USD,Huobi
37268.48,37268.49,37268.485,0.0099999999947613,32741.063097020007,1627376794.7707574,BTC-USD,Huobi
37277.99,37278.0,37277.995,0.0100000000020372,32741.30427737953,1627376811.9328978,BTC-USD,Huobi
37268.49,37268.5,37268.495,0.0100000000020372,32734.32097549597,1627376829.4105778,BTC-USD,Huobi
37257.98,37257.99,37257.985,0.0099999999947613,32735.302365495976,1627376846.6503236,BTC-USD,Huobi
37255.61,37255.62,37255.615000000005,0.0100000000020372,32735.59050055047,1627376863.758616,BTC-USD,Huobi
37266.27,37266.28,37266.275,0.0100000000020372,32737.92058874052,1627376881.47447,BTC-USD,Huobi
37274.55,37274.56,37274.555,0.0099999999947613,32741.152091653534,1627376899.1457956,BTC-USD,Huobi
37283.57,37283.58,37283.575,0.0100000000020372,32743.836529549186,1627376916.3870294,BTC-USD,Huobi
37292.81,37292.82,37292.815,0.0100000000020372,32744.447527549182,1627376933.569007,BTC-USD,Huobi
37295.99,37296.0,37295.995,0.0100000000020372,32735.15182626795,1627376950.913227,BTC-USD,Huobi
37299.99,37300.0,37299.995,0.0100000000020372,32735.657288201604,1627376968.063744,BTC-USD,Huobi
37311.27,37311.28,37311.275,0.0100000000020372,32738.976594617157,1627376985.231596,BTC-USD,Huobi
37324.78,37325.89,37325.335,1.110000000000582,32741.019636895155,1627377002.3984735,BTC-USD,Huobi
37266.89,37266.9,37266.895,0.0100000000020372,32755.341992107744,1627377022.5022657,BTC-USD,Huobi
37237.39,37237.4,37237.395,0.0100000000020372,32758.777408107744,1627377039.6419835,BTC-USD,Huobi
37183.01,37183.02,37183.015,0.0099999999947613,32773.7969630118,1627377056.8865435,BTC-USD,Huobi
37209.43,37211.85,37210.64,2.4199999999982538,32769.82232100944,1627377074.0414193,BTC-USD,Huobi
37232.58,37232.59,37232.585,0.0099999999947613,32773.45805594528,1627377091.293928,BTC-USD,Huobi
37233.71,37233.72,37233.715,0.0100000000020372,32774.26810094528,1627377109.102478,BTC-USD,Huobi
37234.49,37234.5,37234.495,0.0100000000020372,32742.155214685838,1627377126.5654,BTC-USD,Huobi
37252.71,37252.72,37252.715,0.0100000000020372,32743.96799016184,1627377144.3424697,BTC-USD,Huobi
37243.16,37243.17,37243.165,0.0099999999947613,32744.59245041567,1627377162.3869772,BTC-USD,Huobi
37234.97,37234.98,37234.975000000006,0.0100000000020372,32745.46755241567,1627377179.5504825,BTC-USD,Huobi
37227.49,37227.5,37227.495,0.0100000000020372,32738.85453047412,1627377196.9184716,BTC-USD,Huobi
37247.76,37247.77,37247.765,0.0099999999947613,32744.33283947412,1627377214.2304685,BTC-USD,Huobi
37254.19,37254.2,37254.195,0.0099999999947613,32747.911532958533,1627377231.4064682,BTC-USD,Huobi
37261.69,37261.7,37261.695,0.0099999999947613,32743.8300713103,1627377248.5867903,BTC-USD,Huobi
37278.35,37278.36,37278.355,0.0100000000020372,32744.46828449145,1627377265.8426929,BTC-USD,Huobi
37285.0,37285.01,37285.005000000005,0.0100000000020372,32744.70915021325,1627377283.5704792,BTC-USD,Huobi
37265.66,37265.67,37265.665,0.0099999999947613,32740.72964324292,1627377300.9221733,BTC-USD,Huobi
37279.16,37279.17,37279.165,0.0099999999947613,32744.22058613705,1627377318.595857,BTC-USD,Huobi
37243.86,37243.87,37243.865000000005,0.0100000000020372,32745.312187502288,1627377336.7194302,BTC-USD,Huobi
37212.11,37212.12,37212.115000000005,0.0100000000020372,32751.86239750229,1627377354.4866245,BTC-USD,Huobi
37206.03,37206.04,37206.035,0.0100000000020372,32751.12981367327,1627377371.9624712,BTC-USD,Huobi
37205.49,37205.5,37205.495,0.0100000000020372,32752.395993673268,1627377389.2788436,BTC-USD,Huobi
37196.14,37196.15,37196.145,0.0100000000020372,32752.97203567327,1627377406.442691,BTC-USD,Huobi
37197.68,37197.69,37197.685,0.0100000000020372,32742.15306735754,1627377423.9389074,BTC-USD,Huobi
37188.0,37188.01,37188.005000000005,0.0100000000020372,32743.00816063349,1627377442.553829,BTC-USD,Huobi
37198.5,37198.51,37198.505000000005,0.0100000000020372,32743.60751093259,1627377459.7488642,BTC-USD,Huobi
37188.46,37188.47,37188.465,0.0100000000020372,32745.185952026182,1627377477.293749,BTC-USD,Huobi
37199.52,37199.53,37199.525,0.0100000000020372,32733.94097787395,1627377494.6188889,BTC-USD,Huobi
37195.49,37195.5,37195.495,0.0100000000020372,32734.105392849488,1627377512.5438724,BTC-USD,Huobi
37199.13,37199.14,37199.135,0.0100000000020372,32737.31945119836,1627377529.8039627,BTC-USD,Huobi
37215.99,37216.0,37215.995,0.0100000000020372,32712.574111816662,1627377547.4319365,BTC-USD,Huobi
37178.33,37181.76,37180.045,3.430000000000291,32713.544797640272,1627377564.8064623,BTC-USD,Huobi
37169.99,37170.0,37169.995,0.0100000000020372,32716.59882864027,1627377581.973515,BTC-USD,Huobi
37173.33,37173.34,37173.335,0.0099999999947613,32718.93548564027,1627377599.2267935,BTC-USD,Huobi
37200.18,37200.19,37200.185,0.0100000000020372,32700.06620426657,1627377616.6061482,BTC-USD,Huobi
37202.84,37202.85,37202.845,0.0100000000020372,32701.11594520948,1627377634.0501578,BTC-USD,Huobi
37154.65,37154.66,37154.655,0.0100000000020372,32707.913737998795,1627377651.2184806,BTC-USD,Huobi
37176.54,37176.55,37176.545,0.0100000000020372,32716.96089879441,1627377669.3798995,BTC-USD,Huobi
37308.0,37309.0,37308.5,1.0,,1627375059.6205828,BTC-USD,FTX
37317.0,37318.0,37317.5,1.0,,1627375079.2117531,BTC-USD,FTX
37310.0,37311.0,37310.5,1.0,,1627375098.9181118,BTC-USD,FTX
37303.0,37306.0,37304.5,3.0,,1627375116.9827175,BTC-USD,FTX
37313.0,37314.0,37313.5,1.0,,1627375134.6145446,BTC-USD,FTX
37316.0,37317.0,37316.5,1.0,,1627375153.950471,BTC-USD,FTX
37310.0,37311.0,37310.5,1.0,,1627375173.9526207,BTC-USD,FTX
37327.0,37328.0,37327.5,1.0,,1627375191.4879627,BTC-USD,FTX
37326.0,37327.0,37326.5,1.0,,1627375209.166707,BTC-USD,FTX
37304.0,37305.0,37304.5,1.0,,1627375229.4672782,BTC-USD,FTX
37284.0,37285.0,37284.5,1.0,,1627375247.1988835,BTC-USD,FTX
37285.0,37286.0,37285.5,1.0,,1627375264.8388171,BTC-USD,FTX
37281.0,37282.0,37281.5,1.0,,1627375284.3266044,BTC-USD,FTX
37271.0,37272.0,37271.5,1.0,,1627375302.0109055,BTC-USD,FTX
37267.0,37268.0,37267.5,1.0,,1627375319.654482,BTC-USD,FTX
37265.0,37266.0,37265.5,1.0,,1627375339.5357,BTC-USD,FTX
37277.0,37278.0,37277.5,1.0,,1627375357.451831,BTC-USD,FTX
37277.0,37278.0,37277.5,1.0,,1627375375.1424737,BTC-USD,FTX
37277.0,37278.0,37277.5,1.0,,1627375393.4396396,BTC-USD,FTX
37272.0,37273.0,37272.5,1.0,,1627375411.4104798,BTC-USD,FTX
37263.0,37264.0,37263.5,1.0,,1627375428.4596808,BTC-USD,FTX
37264.0,37265.0,37264.5,1.0,,1627375445.6608207,BTC-USD,FTX
37258.0,37259.0,37258.5,1.0,,1627375462.986079,BTC-USD,FTX
37256.0,37257.0,37256.5,1.0,,1627375479.9624624,BTC-USD,FTX
37257.0,37258.0,37257.5,1.0,,1627375497.3575509,BTC-USD,FTX
37252.0,37253.0,37252.5,1.0,,1627375514.4504628,BTC-USD,FTX
37238.0,37239.0,37238.5,1.0,,1627375531.543934,BTC-USD,FTX
37247.0,37248.0,37247.5,1.0,,1627375548.5953417,BTC-USD,FTX
37269.0,37270.0,37269.5,1.0,,1627375565.6236796,BTC-USD,FTX
37302.0,37306.0,37304.0,4.0,,1627375582.7640936,BTC-USD,FTX
37293.0,37294.0,37293.5,1.0,,1627375599.804803,BTC-USD,FTX
37286.0,37287.0,37286.5,1.0,,1627375616.8448656,BTC-USD,FTX
37315.0,37322.0,37318.5,7.0,,1627375633.9007869,BTC-USD,FTX
37283.0,37284.0,37283.5,1.0,,1627375650.9709237,BTC-USD,FTX
37299.0,37300.0,37299.5,1.0,,1627375668.0720234,BTC-USD,FTX
37297.0,37298.0,37297.5,1.0,,1627375685.090465,BTC-USD,FTX
37311.0,37312.0,37311.5,1.0,,1627375702.166011,BTC-USD,FTX
37334.0,37335.0,37334.5,1.0,,1627375719.8264697,BTC-USD,FTX
37335.0,37337.0,37336.0,2.0,,1627375737.6315908,BTC-USD,FTX
37354.0,37355.0,37354.5,1.0,,1627375755.3679662,BTC-USD,FTX
37354.0,37356.0,37355.0,2.0,,1627375772.958472,BTC-USD,FTX
37372.0,37373.0,37372.5,1.0,,1627375790.1838975,BTC-USD,FTX
37307.0,37314.0,37310.5,7.0,,1627375807.2454672,BTC-USD,FTX
37317.0,37318.0,37317.5,1.0,,1627375824.339933,BTC-USD,FTX
37325.0,37326.0,37325.5,1.0,,1627375841.4545107,BTC-USD,FTX
37331.0,37332.0,37331.5,1.0,,1627375858.659963,BTC-USD,FTX
37325.0,37327.0,37326.0,2.0,,1627375875.721566,BTC-USD,FTX
37335.0,37336.0,37335.5,1.0,,1627375892.8719394,BTC-USD,FTX
37340.0,37341.0,37340.5,1.0,,1627375909.9070568,BTC-USD,FTX
37339.0,37340.0,37339.5,1.0,,1627375927.3184674,BTC-USD,FTX
37331.0,37332.0,37331.5,1.0,,1627375944.4539154,BTC-USD,FTX
37336.0,37337.0,37336.5,1.0,,1627375961.6144705,BTC-USD,FTX
37326.0,37327.0,37326.5,1.0,,1627375978.6636424,BTC-USD,FTX
37334.0,37335.0,37334.5,1.0,,1627375995.9002674,BTC-USD,FTX
37318.0,37319.0,37318.5,1.0,,1627376013.0184846,BTC-USD,FTX
37319.0,37320.0,37319.5,1.0,,1627376030.2185612,BTC-USD,FTX
37310.0,37311.0,37310.5,1.0,,1627376047.390322,BTC-USD,FTX
37309.0,37310.0,37309.5,1.0,,1627376065.314639,BTC-USD,FTX
37327.0,37328.0,37327.5,1.0,,1627376082.4584813,BTC-USD,FTX
37327.0,37328.0,37327.5,1.0,,1627376100.0944538,BTC-USD,FTX
37327.0,37328.0,37327.5,1.0,,1627376117.40755,BTC-USD,FTX
37323.0,37324.0,37323.5,1.0,,1627376134.6224363,BTC-USD,FTX
37315.0,37316.0,37315.5,1.0,,1627376152.1024706,BTC-USD,FTX
37299.0,37300.0,37299.5,1.0,,1627376169.314463,BTC-USD,FTX
37300.0,37301.0,37300.5,1.0,,1627376186.6687555,BTC-USD,FTX
37301.0,37305.0,37303.0,4.0,,1627376203.8746526,BTC-USD,FTX
37297.0,37298.0,37297.5,1.0,,1627376220.998469,BTC-USD,FTX
37288.0,37289.0,37288.5,1.0,,1627376238.494727,BTC-USD,FTX
37281.0,37282.0,37281.5,1.0,,1627376255.622549,BTC-USD,FTX
37275.0,37276.0,37275.5,1.0,,1627376272.6858954,BTC-USD,FTX
37266.0,37267.0,37266.5,1.0,,1627376289.7584755,BTC-USD,FTX
37248.0,37249.0,37248.5,1.0,,1627376307.1173725,BTC-USD,FTX
37240.0,37241.0,37240.5,1.0,,1627376324.5984747,BTC-USD,FTX
37254.0,37255.0,37254.5,1.0,,1627376342.3787708,BTC-USD,FTX
37248.0,37249.0,37248.5,1.0,,1627376360.1400924,BTC-USD,FTX
37269.0,37270.0,37269.5,1.0,,1627376377.4735234,BTC-USD,FTX
37265.0,37266.0,37265.5,1.0,,1627376394.587977,BTC-USD,FTX
37265.0,37266.0,37265.5,1.0,,1627376411.6214082,BTC-USD,FTX
37259.0,37260.0,37259.5,1.0,,1627376429.3553898,BTC-USD,FTX
37275.0,37276.0,37275.5,1.0,,1627376446.6306086,BTC-USD,FTX
37268.0,37269.0,37268.5,1.0,,1627376463.7984684,BTC-USD,FTX
37274.0,37275.0,37274.5,1.0,,1627376483.5477257,BTC-USD,FTX
37291.0,37292.0,37291.5,1.0,,1627376500.6865427,BTC-USD,FTX
37289.0,37290.0,37289.5,1.0,,1627376517.6929998,BTC-USD,FTX
37284.0,37285.0,37284.5,1.0,,1627376534.7352865,BTC-USD,FTX
37296.0,37301.0,37298.5,5.0,,1627376552.781445,BTC-USD,FTX
37302.0,37303.0,37302.5,1.0,,1627376570.0762138,BTC-USD,FTX
37294.0,37300.0,37297.0,6.0,,1627376587.466559,BTC-USD,FTX
37303.0,37304.0,37303.5,1.0,,1627376604.5814917,BTC-USD,FTX
37307.0,37308.0,37307.5,1.0,,1627376621.8945534,BTC-USD,FTX
37307.0,37308.0,37307.5,1.0,,1627376639.6425586,BTC-USD,FTX
37309.0,37310.0,37309.5,1.0,,1627376656.8200924,BTC-USD,FTX
37310.0,37311.0,37310.5,1.0,,1627376674.0264769,BTC-USD,FTX
37308.0,37309.0,37308.5,1.0,,1627376691.1320188,BTC-USD,FTX
37296.0,37297.0,37296.5,1.0,,1627376708.2202406,BTC-USD,FTX
37286.0,37287.0,37286.5,1.0,,1627376725.6919937,BTC-USD,FTX
37285.0,37286.0,37285.5,1.0,,1627376742.904086,BTC-USD,FTX
37281.0,37282.0,37281.5,1.0,,1627376760.1184835,BTC-USD,FTX
37268.0,37269.0,37268.5,1.0,,1627376777.493405,BTC-USD,FTX
37283.0,37284.0,37283.5,1.0,,1627376794.7667837,BTC-USD,FTX
37289.0,37290.0,37289.5,1.0,,1627376811.9150383,BTC-USD,FTX
37284.0,37285.0,37284.5,1.0,,1627376829.3986623,BTC-USD,FTX
37271.0,37272.0,37271.5,1.0,,1627376846.6264813,BTC-USD,FTX
37271.0,37272.0,37271.5,1.0,,1627376863.7444978,BTC-USD,FTX
37284.0,37285.0,37284.5,1.0,,1627376881.4624686,BTC-USD,FTX
37287.0,37294.0,37290.5,7.0,,1627376899.144034,BTC-USD,FTX
37297.0,37298.0,37297.5,1.0,,1627376916.3756473,BTC-USD,FTX
37304.0,37305.0,37304.5,1.0,,1627376933.5570214,BTC-USD,FTX
37304.0,37305.0,37304.5,1.0,,1627376950.899343,BTC-USD,FTX
37313.0,37314.0,37313.5,1.0,,1627376968.0508296,BTC-USD,FTX
37328.0,37329.0,37328.5,1.0,,1627376985.222477,BTC-USD,FTX
37334.0,37340.0,37337.0,6.0,,1627377002.382502,BTC-USD,FTX
37288.0,37289.0,37288.5,1.0,,1627377022.4948075,BTC-USD,FTX
37258.0,37259.0,37258.5,1.0,,1627377039.6259985,BTC-USD,FTX
37202.0,37203.0,37202.5,1.0,,1627377056.8824806,BTC-USD,FTX
37228.0,37229.0,37228.5,1.0,,1627377074.030606,BTC-USD,FTX
37241.0,37242.0,37241.5,1.0,,1627377091.278568,BTC-USD,FTX
37247.0,37248.0,37247.5,1.0,,1627377109.092496,BTC-USD,FTX
37250.0,37251.0,37250.5,1.0,,1627377126.544281,BTC-USD,FTX
37265.0,37266.0,37265.5,1.0,,1627377144.33192,BTC-USD,FTX
37260.0,37261.0,37260.5,1.0,,1627377162.3785503,BTC-USD,FTX
37254.0,37255.0,37254.5,1.0,,1627377179.5401444,BTC-USD,FTX
37242.0,37243.0,37242.5,1.0,,1627377196.9104753,BTC-USD,FTX
37261.0,37262.0,37261.5,1.0,,1627377214.222556,BTC-USD,FTX
37271.0,37272.0,37271.5,1.0,,1627377231.3985572,BTC-USD,FTX
37278.0,37279.0,37278.5,1.0,,1627377248.578444,BTC-USD,FTX
37299.0,37300.0,37299.5,1.0,,1627377265.8347905,BTC-USD,FTX
37299.0,37300.0,37299.5,1.0,,1627377283.5621643,BTC-USD,FTX
37285.0,37286.0,37285.5,1.0,,1627377300.9193015,BTC-USD,FTX
37291.0,37292.0,37291.5,1.0,,1627377318.5770278,BTC-USD,FTX
37259.0,37260.0,37259.5,1.0,,1627377336.71356,BTC-USD,FTX
37222.0,37223.0,37222.5,1.0,,1627377354.482468,BTC-USD,FTX
37223.0,37224.0,37223.5,1.0,,1627377371.9545653,BTC-USD,FTX
37221.0,37222.0,37221.5,1.0,,1627377389.2581427,BTC-USD,FTX
37210.0,37211.0,37210.5,1.0,,1627377406.438475,BTC-USD,FTX
37216.0,37217.0,37216.5,1.0,,1627377423.9305434,BTC-USD,FTX
37210.0,37211.0,37210.5,1.0,,1627377442.550482,BTC-USD,FTX
37213.0,37214.0,37213.5,1.0,,1627377459.7386096,BTC-USD,FTX
37210.0,37211.0,37210.5,1.0,,1627377477.29047,BTC-USD,FTX
37216.0,37217.0,37216.5,1.0,,1627377494.6104686,BTC-USD,FTX
37212.0,37213.0,37212.5,1.0,,1627377512.5223837,BTC-USD,FTX
37239.0,37240.0,37239.5,1.0,,1627377529.7987804,BTC-USD,FTX
37235.0,37236.0,37235.5,1.0,,1627377547.4264665,BTC-USD,FTX
37206.0,37207.0,37206.5,1.0,,1627377564.8025172,BTC-USD,FTX
37195.0,37196.0,37195.5,1.0,,1627377581.9704704,BTC-USD,FTX
37196.0,37197.0,37196.5,1.0,,1627377599.216473,BTC-USD,FTX
37222.0,37223.0,37222.5,1.0,,1627377616.5864549,BTC-USD,FTX
37227.0,37228.0,37227.5,1.0,,1627377634.033142,BTC-USD,FTX
37180.0,37181.0,37180.5,1.0,,1627377651.2144742,BTC-USD,FTX
37210.0,37211.0,37210.5,1.0,,1627377669.3745294,BTC-USD,FTX
37309.74,37311.21,37310.475,1.4700000000011642,32142.84697759,1627375059.6113756,BTC-USD,Coinbase Pro
37318.01,37323.27,37320.64,5.259999999994761,32142.84697759,1627375079.1997037,BTC-USD,Coinbase Pro
37305.06,37305.07,37305.065,0.0100000000020372,32145.01957223,1627375098.9159732,BTC-USD,Coinbase Pro
37315.51,37315.52,37315.515,0.0099999999947613,32145.01957223,1627375116.9706345,BTC-USD,Coinbase Pro
37318.6,37318.61,37318.605,0.0100000000020372,32145.01957223,1627375134.5987833,BTC-USD,Coinbase Pro
37318.6,37320.34,37319.47,1.7399999999979627,32147.37092559,1627375153.9330716,BTC-USD,Coinbase Pro
37318.6,37318.61,37318.605,0.0100000000020372,32147.37092559,1627375173.947864,BTC-USD,Coinbase Pro
37331.93,37331.94,37331.935,0.0100000000020372,32147.95539214,1627375191.4757202,BTC-USD,Coinbase Pro
37328.03,37330.87,37329.45,2.8400000000037835,32147.95539214,1627375209.150608,BTC-USD,Coinbase Pro
37311.74,37314.14,37312.94,2.400000000001455,32147.95539214,1627375229.4457283,BTC-USD,Coinbase Pro
37288.41,37288.42,37288.415,0.0099999999947613,32152.09955415,1627375247.18489,BTC-USD,Coinbase Pro
37292.84,37292.85,37292.845,0.0100000000020372,32152.09955415,1627375264.8226452,BTC-USD,Coinbase Pro
37292.84,37292.85,37292.845,0.0100000000020372,32152.09955415,1627375284.3156395,BTC-USD,Coinbase Pro
37276.97,37278.38,37277.675,1.4099999999962165,32153.9937482,1627375301.993845,BTC-USD,Coinbase Pro
37270.98,37270.99,37270.985,0.0099999999947613,32153.9937482,1627375319.646791,BTC-USD,Coinbase Pro
37271.32,37272.61,37271.965,1.2900000000008731,32153.9937482,1627375339.5284562,BTC-USD,Coinbase Pro
37283.36,37285.76,37284.56,2.400000000001455,32158.67148366,1627375357.4397056,BTC-USD,Coinbase Pro
37282.81,37282.82,37282.815,0.0100000000020372,32158.67148366,1627375375.126537,BTC-USD,Coinbase Pro
37281.88,37281.89,37281.885,0.0100000000020372,32161.16129549,1627375393.4266348,BTC-USD,Coinbase Pro
37274.28,37274.29,37274.285,0.0100000000020372,32161.16129549,1627375411.3985412,BTC-USD,Coinbase Pro
37272.56,37272.57,37272.565,0.0100000000020372,32161.16129549,1627375428.4430988,BTC-USD,Coinbase Pro
37272.56,37272.57,37272.565,0.0100000000020372,32161.28492681,1627375445.6506934,BTC-USD,Coinbase Pro
37259.43,37259.44,37259.435,0.0100000000020372,32161.28492681,1627375462.9757152,BTC-USD,Coinbase Pro
37257.14,37257.15,37257.145,0.0100000000020372,32161.28492681,1627375479.95448,BTC-USD,Coinbase Pro
37266.06,37266.07,37266.065,0.0100000000020372,32163.75414338,1627375497.3439636,BTC-USD,Coinbase Pro
37257.26,37257.27,37257.265,0.0099999999947613,32163.75414338,1627375514.4304993,BTC-USD,Coinbase Pro
37244.88,37244.89,37244.885,0.0100000000020372,32163.75414338,1627375531.5306275,BTC-USD,Coinbase Pro
37244.88,37244.89,37244.885,0.0100000000020372,32164.74169682,1627375548.5791082,BTC-USD,Coinbase Pro
37268.53,37268.54,37268.535,0.0100000000020372,32164.74169682,1627375565.6186154,BTC-USD,Coinbase Pro
37304.97,37307.93,37306.45,2.959999999999127,32164.74169682,1627375582.7447689,BTC-USD,Coinbase Pro
37301.81,37301.82,37301.815,0.0100000000020372,32168.37525243,1627375599.798513,BTC-USD,Coinbase Pro
37290.16,37293.03,37291.595,2.8699999999953434,32168.37525243,1627375616.838519,BTC-USD,Coinbase Pro
37328.16,37329.88,37329.02,1.7199999999938882,32168.37525243,1627375633.898509,BTC-USD,Coinbase Pro
37288.9,37289.85,37289.375,0.9499999999970896,32172.43047469,1627375650.9518278,BTC-USD,Coinbase Pro
37305.99,37306.0,37305.995,0.0100000000020372,32172.43047469,1627375668.064265,BTC-USD,Coinbase Pro
37305.99,37306.0,37305.995,0.0100000000020372,32172.43047469,1627375685.0653656,BTC-USD,Coinbase Pro
37320.87,37320.88,37320.875,0.0099999999947613,32175.01112839,1627375702.1638584,BTC-USD,Coinbase Pro
37343.25,37343.26,37343.255000000005,0.0100000000020372,32175.01112839,1627375719.8228035,BTC-USD,Coinbase Pro
37340.96,37344.31,37342.635,3.349999999998545,32175.01112839,1627375737.6193168,BTC-USD,Coinbase Pro
37358.75,37359.2,37358.975,0.4499999999970896,32176.48815872,1627375755.3557234,BTC-USD,Coinbase Pro
37355.92,37355.93,37355.925,0.0100000000020372,32176.48815872,1627375772.9441707,BTC-USD,Coinbase Pro
37380.87,37383.55,37382.21000000001,2.680000000000291,32177.98177203,1627375790.1705563,BTC-USD,Coinbase Pro
37334.79,37334.8,37334.795,0.0100000000020372,32177.98177203,1627375807.2316165,BTC-USD,Coinbase Pro
37324.25,37324.26,37324.255000000005,0.0100000000020372,32177.98177203,1627375824.3316991,BTC-USD,Coinbase Pro
37330.56,37332.32,37331.44,1.7600000000020373,32181.24965216,1627375841.4395187,BTC-USD,Coinbase Pro
37338.93,37338.94,37338.935,0.0100000000020372,32181.24965216,1627375858.6505482,BTC-USD,Coinbase Pro
37338.93,37338.94,37338.935,0.0100000000020372,32181.24965216,1627375875.7039533,BTC-USD,Coinbase Pro
37338.14,37339.71,37338.925,1.569999999999709,32182.44572871,1627375892.854472,BTC-USD,Coinbase Pro
37348.11,37348.12,37348.115000000005,0.0100000000020372,32182.44572871,1627375909.8957765,BTC-USD,Coinbase Pro
37343.27,37345.75,37344.51,2.4800000000032014,32182.44572871,1627375927.3075247,BTC-USD,Coinbase Pro
37336.63,37338.9,37337.765,2.2700000000040745,32186.27841164,1627375944.446493,BTC-USD,Coinbase Pro
37339.82,37344.43,37342.125,4.610000000000582,32186.27841164,1627375961.606559,BTC-USD,Coinbase Pro
37330.29,37332.32,37331.305,2.029999999998836,32186.27841164,1627375978.647678,BTC-USD,Coinbase Pro
37340.37,37340.38,37340.375,0.0099999999947613,32190.23461983,1627375995.89689,BTC-USD,Coinbase Pro
37330.12,37330.13,37330.125,0.0099999999947613,32190.23461983,1627376013.002488,BTC-USD,Coinbase Pro
37332.19,37332.2,37332.195,0.0099999999947613,32190.23461983,1627376030.202491,BTC-USD,Coinbase Pro
37321.04,37321.05,37321.045,0.0100000000020372,32191.64576733,1627376047.3882673,BTC-USD,Coinbase Pro
37319.77,37319.78,37319.775,0.0100000000020372,32191.64576733,1627376065.2986383,BTC-USD,Coinbase Pro
37340.37,37340.38,37340.375,0.0099999999947613,32191.64576733,1627376082.439896,BTC-USD,Coinbase Pro
37342.53,37342.54,37342.535,0.0100000000020372,32193.15210381,1627376100.0765057,BTC-USD,Coinbase Pro
37338.08,37340.39,37339.235,2.309999999997672,32193.15210381,1627376117.395362,BTC-USD,Coinbase Pro
37333.5,37335.01,37334.255000000005,1.5100000000020373,32193.15210381,1627376134.61062,BTC-USD,Coinbase Pro
37333.31,37333.32,37333.315,0.0100000000020372,32195.46136459,1627376152.0843918,BTC-USD,Coinbase Pro
37317.9,37317.91,37317.905,0.0100000000020372,32195.46136459,1627376169.2986002,BTC-USD,Coinbase Pro
37319.1,37319.11,37319.105,0.0100000000020372,32195.46136459,1627376186.6664722,BTC-USD,Coinbase Pro
37317.9,37317.91,37317.905,0.0100000000020372,32197.22954995,1627376203.8584142,BTC-USD,Coinbase Pro
37317.9,37317.91,37317.905,0.0100000000020372,32197.22954995,1627376220.986473,BTC-USD,Coinbase Pro
37293.62,37293.63,37293.625,0.0099999999947613,32197.22954995,1627376238.4784925,BTC-USD,Coinbase Pro
37290.0,37290.01,37290.005000000005,0.0100000000020372,32200.05169022,1627376255.6118562,BTC-USD,Coinbase Pro
37280.78,37280.79,37280.785,0.0100000000020372,32200.05169022,1627376272.666559,BTC-USD,Coinbase Pro
37296.61,37297.95,37297.28,1.3399999999965075,32204.14081821,1627376289.7504811,BTC-USD,Coinbase Pro
37260.34,37260.35,37260.345,0.0100000000020372,32204.14081821,1627376307.0945413,BTC-USD,Coinbase Pro
37260.33,37260.34,37260.335,0.0099999999947613,32204.14081821,1627376324.5836115,BTC-USD,Coinbase Pro
37245.45,37245.46,37245.455,0.0100000000020372,32207.33895355,1627376342.362449,BTC-USD,Coinbase Pro
37249.56,37249.57,37249.565,0.0100000000020372,32207.33895355,1627376360.1264932,BTC-USD,Coinbase Pro
37270.65,37270.66,37270.655,0.0100000000020372,32207.33895355,1627376377.4562967,BTC-USD,Coinbase Pro
37273.76,37275.74,37274.75,1.9799999999959252,32212.50619407,1627376394.567635,BTC-USD,Coinbase Pro
37280.33,37282.29,37281.31,1.9599999999991269,32212.50619407,1627376411.6146393,BTC-USD,Coinbase Pro
37273.14,37273.15,37273.145,0.0100000000020372,32212.50619407,1627376429.3436918,BTC-USD,Coinbase Pro
37285.51,37285.52,37285.515,0.0099999999947613,31517.80131383,1627376446.6237586,BTC-USD,Coinbase Pro
37282.26,37282.27,37282.265,0.0099999999947613,31517.80131383,1627376463.7836237,BTC-USD,Coinbase Pro
37282.26,37282.27,37282.265,0.0099999999947613,31517.80131383,1627376483.5275445,BTC-USD,Coinbase Pro
37296.4,37298.25,37297.325,1.8499999999985448,31518.07704882,1627376500.674622,BTC-USD,Coinbase Pro
37300.86,37300.87,37300.865000000005,0.0100000000020372,31518.07704882,1627376517.6843224,BTC-USD,Coinbase Pro
37297.33,37297.34,37297.335,0.0099999999947613,31518.07704882,1627376534.718667,BTC-USD,Coinbase Pro
37310.53,37313.95,37312.24,3.4199999999982538,31519.22949712,1627376552.7784748,BTC-USD,Coinbase Pro
37314.52,37314.53,37314.525,0.0100000000020372,31519.22949712,1627376570.0595756,BTC-USD,Coinbase Pro
37306.58,37306.59,37306.585,0.0099999999947613,31519.22949712,1627376587.4559896,BTC-USD,Coinbase Pro
37306.97,37306.98,37306.975000000006,0.0100000000020372,31520.31413852,1627376604.5675726,BTC-USD,Coinbase Pro
37314.99,37315.0,37314.995,0.0100000000020372,31520.31413852,1627376621.8824794,BTC-USD,Coinbase Pro
37314.99,37316.3,37315.645,1.3100000000049477,31521.34130586,1627376639.6266005,BTC-USD,Coinbase Pro
37320.59,37320.6,37320.595,0.0100000000020372,31521.34130586,1627376656.80942,BTC-USD,Coinbase Pro
37318.06,37321.4,37319.73,3.3400000000037835,31521.34130586,1627376674.0146368,BTC-USD,Coinbase Pro
37307.92,37312.29,37310.105,4.370000000002619,31533.79414972,1627376691.1265452,BTC-USD,Coinbase Pro
37311.88,37313.77,37312.825,1.889999999999418,31533.79414972,1627376708.2106218,BTC-USD,Coinbase Pro
37294.59,37294.6,37294.595,0.0100000000020372,31533.79414972,1627376725.6886828,BTC-USD,Coinbase Pro
37291.83,37293.65,37292.740000000005,1.819999999999709,31591.2632544,1627376742.890623,BTC-USD,Coinbase Pro
37291.84,37291.85,37291.845,0.0100000000020372,31591.2632544,1627376760.099584,BTC-USD,Coinbase Pro
37277.51,37277.52,37277.515,0.0099999999947613,31591.2632544,1627376777.474473,BTC-USD,Coinbase Pro
37295.96,37295.97,37295.965,0.0100000000020372,31605.30955189,1627376794.751745,BTC-USD,Coinbase Pro
37309.71,37309.72,37309.715,0.0100000000020372,31605.30955189,1627376811.9072523,BTC-USD,Coinbase Pro
37310.62,37310.63,37310.625,0.0099999999947613,31605.30955189,1627376829.386494,BTC-USD,Coinbase Pro
37291.72,37294.94,37293.33,3.220000000001164,31611.6031625,1627376846.6188464,BTC-USD,Coinbase Pro
37290.25,37290.26,37290.255000000005,0.0100000000020372,31611.6031625,1627376863.7345636,BTC-USD,Coinbase Pro
37304.35,37304.36,37304.355,0.0100000000020372,31611.6031625,1627376881.456812,BTC-USD,Coinbase Pro
37314.37,37314.38,37314.375,0.0099999999947613,31618.33056539,1627376899.1215878,BTC-USD,Coinbase Pro
37320.22,37320.23,37320.225000000006,0.0100000000020372,31618.33056539,1627376916.3580651,BTC-USD,Coinbase Pro
37332.61,37332.62,37332.615000000005,0.0100000000020372,31618.33056539,1627376933.5544722,BTC-USD,Coinbase Pro
37332.62,37332.63,37332.625,0.0099999999947613,31621.19784549,1627376950.8885057,BTC-USD,Coinbase Pro
37341.74,37341.75,37341.745,0.0100000000020372,31621.19784549,1627376968.0309503,BTC-USD,Coinbase Pro
37349.87,37349.88,37349.875,0.0099999999947613,31621.19784549,1627376985.1923792,BTC-USD,Coinbase Pro
37376.43,37376.44,37376.435,0.0100000000020372,31627.20177603,1627377002.368042,BTC-USD,Coinbase Pro
37306.5,37306.51,37306.505000000005,0.0100000000020372,31627.20177603,1627377022.4730413,BTC-USD,Coinbase Pro
37279.52,37283.0,37281.26,3.4800000000032014,31635.53674513,1627377039.603717,BTC-USD,Coinbase Pro
37240.3,37240.31,37240.305,0.0099999999947613,31635.53674513,1627377056.862529,BTC-USD,Coinbase Pro
37251.83,37253.54,37252.685,1.7099999999991269,31635.53674513,1627377074.022483,BTC-USD,Coinbase Pro
37264.8,37264.81,37264.805,0.0099999999947613,31645.45767321,1627377091.266473,BTC-USD,Coinbase Pro
37263.73,37265.24,37264.485,1.5099999999947613,31645.45767321,1627377109.0751102,BTC-USD,Coinbase Pro
37272.19,37272.2,37272.195,0.0099999999947613,31645.45767321,1627377126.5357516,BTC-USD,Coinbase Pro
37290.3,37296.21,37293.255000000005,5.9099999999962165,31652.7712329,1627377144.315731,BTC-USD,Coinbase Pro
37290.43,37290.44,37290.435,0.0100000000020372,31652.7712329,1627377162.3627596,BTC-USD,Coinbase Pro
37275.9,37277.85,37276.875,1.9499999999970896,31652.7712329,1627377179.5289602,BTC-USD,Coinbase Pro
37268.58,37268.59,37268.585,0.0099999999947613,31656.92099566,1627377196.8944888,BTC-USD,Coinbase Pro
37295.51,37295.52,37295.515,0.0099999999947613,31656.92099566,1627377214.206507,BTC-USD,Coinbase Pro
37296.55,37296.56,37296.555,0.0099999999947613,31656.92099566,1627377231.3823414,BTC-USD,Coinbase Pro
37304.97,37304.98,37304.975000000006,0.0100000000020372,31665.31365282,1627377248.570551,BTC-USD,Coinbase Pro
37321.33,37321.34,37321.335,0.0099999999947613,31665.31365282,1627377265.818625,BTC-USD,Coinbase Pro
37329.58,37329.59,37329.585,0.0099999999947613,31665.31365282,1627377283.5417888,BTC-USD,Coinbase Pro
37317.62,37319.85,37318.735,2.229999999995925,31669.09999684,1627377300.9070444,BTC-USD,Coinbase Pro
37324.56,37324.57,37324.565,0.0100000000020372,31669.09999684,1627377318.573396,BTC-USD,Coinbase Pro
37289.13,37289.14,37289.135,0.0100000000020372,31669.09999684,1627377336.6984985,BTC-USD,Coinbase Pro
37244.67,37247.12,37245.895,2.4500000000043656,31672.71557991,1627377354.466626,BTC-USD,Coinbase Pro
37242.14,37242.15,37242.145,0.0100000000020372,31672.71557991,1627377371.9425693,BTC-USD,Coinbase Pro
37242.63,37242.64,37242.635,0.0100000000020372,31680.27641595,1627377389.240882,BTC-USD,Coinbase Pro
37235.59,37235.6,37235.595,0.0100000000020372,31680.27641595,1627377406.4266312,BTC-USD,Coinbase Pro
37235.59,37235.6,37235.595,0.0100000000020372,31680.27641595,1627377423.9144835,BTC-USD,Coinbase Pro
37235.59,37235.6,37235.595,0.0100000000020372,31684.26049609,1627377442.5355945,BTC-USD,Coinbase Pro
37241.68,37241.69,37241.685,0.0100000000020372,31684.26049609,1627377459.722641,BTC-USD,Coinbase Pro
37228.55,37228.56,37228.555,0.0099999999947613,31684.26049609,1627377477.2718525,BTC-USD,Coinbase Pro
37234.6,37234.61,37234.605,0.0100000000020372,31688.49328886,1627377494.5986278,BTC-USD,Coinbase Pro
37234.83,37234.84,37234.835,0.0099999999947613,31688.49328886,1627377512.515942,BTC-USD,Coinbase Pro
37237.85,37237.86,37237.855,0.0100000000020372,31688.49328886,1627377529.7804277,BTC-USD,Coinbase Pro
37252.95,37252.96,37252.955,0.0100000000020372,31690.37683038,1627377547.4104726,BTC-USD,Coinbase Pro
37226.67,37226.68,37226.675,0.0100000000020372,31690.37683038,1627377564.787228,BTC-USD,Coinbase Pro
37213.38,37214.02,37213.7,0.6399999999994179,31690.37683038,1627377581.952909,BTC-USD,Coinbase Pro
37209.68,37209.69,37209.685,0.0100000000020372,31693.86197236,1627377599.1998951,BTC-USD,Coinbase Pro
37240.49,37240.5,37240.495,0.0100000000020372,31693.86197236,1627377616.58249,BTC-USD,Coinbase Pro
37247.1,37247.11,37247.105,0.0100000000020372,31693.86197236,1627377634.014635,BTC-USD,Coinbase Pro
37207.6,37209.31,37208.455,1.7099999999991269,31699.55214961,1627377651.2041547,BTC-USD,Coinbase Pro
37243.76,37243.77,37243.765,0.0099999999947613,31699.55214961,1627377669.359521,BTC-USD,Coinbase Pro
37333.0,37334.0,37333.5,1.0,10736.45431139,1627375059.6104407,BTC-USD,Bitfinex
37325.0,37326.0,37325.5,1.0,10736.46491139,1627375079.1927466,BTC-USD,Bitfinex
37333.0,37334.0,37333.5,1.0,10736.53837814,1627375098.9089706,BTC-USD,Bitfinex
37322.0,37323.0,37322.5,1.0,10737.18602047,1627375116.9634817,BTC-USD,Bitfinex
37325.0,37326.0,37325.5,1.0,10737.19632047,1627375134.5944517,BTC-USD,Bitfinex
37330.0,37331.0,37330.5,1.0,10737.54242771,1627375153.9296513,BTC-USD,Bitfinex
37332.0,37333.0,37332.5,1.0,10738.41258792,1627375173.941882,BTC-USD,Bitfinex
37331.0,37332.0,37331.5,1.0,10738.54152342,1627375191.468599,BTC-USD,Bitfinex
37345.0,37346.0,37345.5,1.0,10738.95776146,1627375209.1431062,BTC-USD,Bitfinex
37344.0,37345.0,37344.5,1.0,10739.03761488,1627375229.442744,BTC-USD,Bitfinex
37321.0,37322.0,37321.5,1.0,10739.33853079,1627375247.1814704,BTC-USD,Bitfinex
37312.0,37313.0,37312.5,1.0,10743.16760152,1627375264.814593,BTC-USD,Bitfinex
37310.0,37311.0,37310.5,1.0,10744.49594953,1627375284.3088074,BTC-USD,Bitfinex
37310.0,37311.0,37310.5,1.0,10745.4654188,1627375301.9891555,BTC-USD,Bitfinex
37304.0,37305.0,37304.5,1.0,10746.33533754,1627375319.637225,BTC-USD,Bitfinex
37301.0,37302.0,37301.5,1.0,10751.73395972,1627375339.5177634,BTC-USD,Bitfinex
37295.0,37297.0,37296.0,2.0,10752.63545972,1627375357.4297483,BTC-USD,Bitfinex
37300.0,37301.0,37300.5,1.0,10755.40070879,1627375375.119397,BTC-USD,Bitfinex
37300.0,37301.0,37300.5,1.0,10755.63668879,1627375393.4183462,BTC-USD,Bitfinex
37299.0,37300.0,37299.5,1.0,10756.63668879,1627375411.3919349,BTC-USD,Bitfinex
37289.0,37290.0,37289.5,1.0,10757.1120584,1627375428.4345996,BTC-USD,Bitfinex
37288.0,37289.0,37288.5,1.0,10757.1420584,1627375445.6428983,BTC-USD,Bitfinex
37289.0,37290.0,37289.5,1.0,10757.31896096,1627375462.9689565,BTC-USD,Bitfinex
37281.0,37282.0,37281.5,1.0,10757.57172497,1627375479.944878,BTC-USD,Bitfinex
37281.0,37282.0,37281.5,1.0,10757.88931148,1627375497.3363242,BTC-USD,Bitfinex
37276.0,37277.0,37276.5,1.0,10710.61391757,1627375514.424597,BTC-USD,Bitfinex
37272.0,37273.0,37272.5,1.0,10710.77689142,1627375531.522944,BTC-USD,Bitfinex
37263.0,37264.0,37263.5,1.0,10710.86111081,1627375548.5706072,BTC-USD,Bitfinex
37274.0,37275.0,37274.5,1.0,10710.90611081,1627375565.6115055,BTC-USD,Bitfinex
37299.0,37300.0,37299.5,1.0,10711.56257298,1627375582.7402186,BTC-USD,Bitfinex
37322.0,37323.0,37322.5,1.0,10714.8918772,1627375599.796489,BTC-USD,Bitfinex
37320.0,37321.0,37320.5,1.0,10715.70848466,1627375616.8334606,BTC-USD,Bitfinex
37336.0,37337.0,37336.5,1.0,10719.06869792,1627375633.892514,BTC-USD,Bitfinex
37336.0,37337.0,37336.5,1.0,10719.06869792,1627375650.9457104,BTC-USD,Bitfinex
37320.0,37321.0,37320.5,1.0,10725.1992923,1627375668.0588267,BTC-USD,Bitfinex
37319.0,37320.0,37319.5,1.0,10725.1994923,1627375685.0623834,BTC-USD,Bitfinex
37319.0,37320.0,37319.5,1.0,10725.1994923,1627375702.157391,BTC-USD,Bitfinex
37319.0,37321.0,37320.0,2.0,10725.68480872,1627375719.81316,BTC-USD,Bitfinex
37348.0,37350.0,37349.0,2.0,10729.72898525,1627375737.6079762,BTC-USD,Bitfinex
37343.0,37344.0,37343.5,1.0,10729.97651264,1627375755.345759,BTC-USD,Bitfinex
37369.0,37370.0,37369.5,1.0,10730.4524733,1627375772.9387617,BTC-USD,Bitfinex
37369.0,37377.0,37373.0,8.0,10730.53268783,1627375790.165032,BTC-USD,Bitfinex
37385.0,37386.0,37385.5,1.0,10730.93539631,1627375807.2256105,BTC-USD,Bitfinex
37349.0,37350.0,37349.5,1.0,10733.41791693,1627375824.3227377,BTC-USD,Bitfinex
37335.0,37336.0,37335.5,1.0,10733.48099924,1627375841.4344742,BTC-USD,Bitfinex
37346.0,37347.0,37346.5,1.0,10733.61984779,1627375858.6450014,BTC-USD,Bitfinex
37346.0,37347.0,37346.5,1.0,10733.61984779,1627375875.6981168,BTC-USD,Bitfinex
37336.0,37337.0,37336.5,1.0,10734.15574069,1627375892.8499644,BTC-USD,Bitfinex
37348.0,37349.0,37348.5,1.0,10736.15152775,1627375909.890363,BTC-USD,Bitfinex
37348.0,37349.0,37348.5,1.0,10738.19239298,1627375927.3018277,BTC-USD,Bitfinex
37348.0,37349.0,37348.5,1.0,10738.19239298,1627375944.4414237,BTC-USD,Bitfinex
37350.0,37351.0,37350.5,1.0,10738.33712727,1627375961.5990148,BTC-USD,Bitfinex
37349.0,37350.0,37349.5,1.0,10740.93574003,1627375978.6412437,BTC-USD,Bitfinex
37341.0,37342.0,37341.5,1.0,10741.28244322,1627375995.8938825,BTC-USD,Bitfinex
37348.0,37349.0,37348.5,1.0,10741.28744322,1627376012.9945674,BTC-USD,Bitfinex
37336.0,37337.0,37336.5,1.0,10741.5542281,1627376030.1980567,BTC-USD,Bitfinex
37335.0,37336.0,37335.5,1.0,10741.58121502,1627376047.3802068,BTC-USD,Bitfinex
37331.0,37332.0,37331.5,1.0,10741.73894699,1627376065.2929256,BTC-USD,Bitfinex
37330.0,37331.0,37330.5,1.0,10741.81781334,1627376082.4344716,BTC-USD,Bitfinex
37337.0,37338.0,37337.5,1.0,10741.9552467,1627376100.0734725,BTC-USD,Bitfinex
37333.0,37334.0,37333.5,1.0,10742.03409874,1627376117.3880217,BTC-USD,Bitfinex
37340.0,37341.0,37340.5,1.0,10742.2122131,1627376134.6026096,BTC-USD,Bitfinex
37339.0,37340.0,37339.5,1.0,10742.29702568,1627376152.0788834,BTC-USD,Bitfinex
37333.0,37334.0,37333.5,1.0,10742.29702568,1627376169.2915738,BTC-USD,Bitfinex
37330.0,37331.0,37330.5,1.0,10743.35735028,1627376186.6613278,BTC-USD,Bitfinex
37321.0,37322.0,37321.5,1.0,10743.41193989,1627376203.852553,BTC-USD,Bitfinex
37325.0,37326.0,37325.5,1.0,10744.49959733,1627376220.9799328,BTC-USD,Bitfinex
37322.0,37323.0,37322.5,1.0,10744.49959733,1627376238.4731543,BTC-USD,Bitfinex
37319.0,37320.0,37319.5,1.0,10744.90009773,1627376255.6057646,BTC-USD,Bitfinex
37309.0,37310.0,37309.5,1.0,10745.55163983,1627376272.6612165,BTC-USD,Bitfinex
37318.0,37319.0,37318.5,1.0,10747.11590093,1627376289.7436836,BTC-USD,Bitfinex
37318.0,37319.0,37318.5,1.0,10747.11590093,1627376307.0913486,BTC-USD,Bitfinex
37285.0,37286.0,37285.5,1.0,10747.65482527,1627376324.5790486,BTC-USD,Bitfinex
37274.0,37275.0,37274.5,1.0,10747.80354424,1627376342.360424,BTC-USD,Bitfinex
37261.0,37262.0,37261.5,1.0,10747.90276567,1627376360.1191735,BTC-USD,Bitfinex
37265.0,37266.0,37265.5,1.0,10748.55095423,1627376377.4505067,BTC-USD,Bitfinex
37293.0,37294.0,37293.5,1.0,10749.13517053,1627376394.56261,BTC-USD,Bitfinex
37292.0,37293.0,37292.5,1.0,10675.91974044,1627376411.6101508,BTC-USD,Bitfinex
37290.0,37291.0,37290.5,1.0,10676.1600588,1627376429.3382795,BTC-USD,Bitfinex
37280.0,37281.0,37280.5,1.0,10676.2200588,1627376446.6159022,BTC-USD,Bitfinex
37296.0,37297.0,37296.5,1.0,10676.70901439,1627376463.7780943,BTC-USD,Bitfinex
37296.0,37297.0,37296.5,1.0,10677.0265051,1627376483.522561,BTC-USD,Bitfinex
37297.0,37300.0,37298.5,3.0,10677.30049262,1627376500.6667628,BTC-USD,Bitfinex
37315.0,37316.0,37315.5,1.0,10678.20804327,1627376517.681648,BTC-USD,Bitfinex
37323.0,37326.0,37324.5,3.0,10680.82437191,1627376534.7107968,BTC-USD,Bitfinex
37322.0,37323.0,37322.5,1.0,10681.76022378,1627376552.772613,BTC-USD,Bitfinex
37332.0,37334.0,37333.0,2.0,10684.42584261,1627376570.0543485,BTC-USD,Bitfinex
37331.0,37333.0,37332.0,2.0,10684.45584261,1627376587.4505155,BTC-USD,Bitfinex
37332.0,37333.0,37332.5,1.0,10685.37683228,1627376604.562525,BTC-USD,Bitfinex
37329.0,37330.0,37329.5,1.0,10685.70039768,1627376621.8666103,BTC-USD,Bitfinex
37331.0,37332.0,37331.5,1.0,10686.62879901,1627376639.618642,BTC-USD,Bitfinex
37334.0,37336.0,37335.0,2.0,10686.68035289,1627376656.8036218,BTC-USD,Bitfinex
37335.0,37336.0,37335.5,1.0,10687.18765299,1627376674.00783,BTC-USD,Bitfinex
37329.0,37330.0,37329.5,1.0,10687.20515061,1627376691.1151586,BTC-USD,Bitfinex
37331.0,37332.0,37331.5,1.0,10687.71500851,1627376708.202731,BTC-USD,Bitfinex
37324.0,37325.0,37324.5,1.0,10687.96210597,1627376725.677431,BTC-USD,Bitfinex
37307.0,37310.0,37308.5,3.0,10688.06101633,1627376742.8830972,BTC-USD,Bitfinex
37300.0,37303.0,37301.5,3.0,10688.07197193,1627376760.094324,BTC-USD,Bitfinex
37300.0,37303.0,37301.5,3.0,10688.07197193,1627376777.4692364,BTC-USD,Bitfinex
37308.0,37309.0,37308.5,1.0,10688.31475764,1627376794.7456198,BTC-USD,Bitfinex
37313.0,37315.0,37314.0,2.0,10689.63332251,1627376811.9041812,BTC-USD,Bitfinex
37316.0,37317.0,37316.5,1.0,10689.94895984,1627376829.3800087,BTC-USD,Bitfinex
37312.0,37313.0,37312.5,1.0,10690.348478,1627376846.6119547,BTC-USD,Bitfinex
37300.0,37303.0,37301.5,3.0,10690.92319185,1627376863.7277615,BTC-USD,Bitfinex
37306.0,37307.0,37306.5,1.0,10691.58512156,1627376881.4507515,BTC-USD,Bitfinex
37309.0,37310.0,37309.5,1.0,10691.58512156,1627376899.118435,BTC-USD,Bitfinex
37329.0,37332.0,37330.5,3.0,10693.95841306,1627376916.355019,BTC-USD,Bitfinex
37329.0,37332.0,37330.5,3.0,10693.95841306,1627376933.5467515,BTC-USD,Bitfinex
37337.0,37339.0,37338.0,2.0,10695.74724172,1627376950.8827004,BTC-USD,Bitfinex
37337.0,37338.0,37337.5,1.0,10695.75997372,1627376968.0282695,BTC-USD,Bitfinex
37351.0,37352.0,37351.5,1.0,10696.67919,1627376985.1836245,BTC-USD,Bitfinex
37352.0,37353.0,37352.5,1.0,10696.85687682,1627377002.3626318,BTC-USD,Bitfinex
37340.0,37341.0,37340.5,1.0,10698.23429711,1627377022.4697676,BTC-USD,Bitfinex
37295.0,37296.0,37295.5,1.0,10698.25511142,1627377039.597946,BTC-USD,Bitfinex
37285.0,37286.0,37285.5,1.0,10698.92996928,1627377056.8564014,BTC-USD,Bitfinex
37230.0,37235.0,37232.5,5.0,10700.67257108,1627377074.016588,BTC-USD,Bitfinex
37257.0,37260.0,37258.5,3.0,10700.8457439,1627377091.2614868,BTC-USD,Bitfinex
37278.0,37279.0,37278.5,1.0,10704.78059228,1627377109.066338,BTC-USD,Bitfinex
37278.0,37279.0,37278.5,1.0,10704.78059228,1627377126.5304582,BTC-USD,Bitfinex
37270.0,37271.0,37270.5,1.0,10704.83998158,1627377144.3105974,BTC-USD,Bitfinex
37287.0,37288.0,37287.5,1.0,10705.33307009,1627377162.3595772,BTC-USD,Bitfinex
37289.0,37290.0,37289.5,1.0,10705.71408252,1627377179.5226088,BTC-USD,Bitfinex
37278.0,37280.0,37279.0,2.0,10705.82606542,1627377196.8889291,BTC-USD,Bitfinex
37278.0,37279.0,37278.5,1.0,10706.06309811,1627377214.2008836,BTC-USD,Bitfinex
37289.0,37290.0,37289.5,1.0,10706.7159621,1627377231.3792312,BTC-USD,Bitfinex
37299.0,37302.0,37300.5,3.0,10706.7225615,1627377248.5626442,BTC-USD,Bitfinex
37304.0,37309.0,37306.5,5.0,10707.54169185,1627377265.810567,BTC-USD,Bitfinex
37315.0,37316.0,37315.5,1.0,10707.85100847,1627377283.5388176,BTC-USD,Bitfinex
37319.0,37320.0,37319.5,1.0,10708.44666886,1627377300.8986156,BTC-USD,Bitfinex
37308.0,37309.0,37308.5,1.0,10708.49397386,1627377318.5672684,BTC-USD,Bitfinex
37315.0,37316.0,37315.5,1.0,10675.4269403,1627377336.688116,BTC-USD,Bitfinex
37289.0,37290.0,37289.5,1.0,10675.51230124,1627377354.459026,BTC-USD,Bitfinex
37262.0,37263.0,37262.5,1.0,10677.11311942,1627377371.934889,BTC-USD,Bitfinex
37254.0,37255.0,37254.5,1.0,10677.25650224,1627377389.235481,BTC-USD,Bitfinex
37254.0,37255.0,37254.5,1.0,10677.25650224,1627377406.4185336,BTC-USD,Bitfinex
37242.0,37243.0,37242.5,1.0,10677.50823048,1627377423.9116485,BTC-USD,Bitfinex
37257.0,37258.0,37257.5,1.0,10679.11726441,1627377442.530513,BTC-USD,Bitfinex
37257.0,37258.0,37257.5,1.0,10679.11726441,1627377459.7159443,BTC-USD,Bitfinex
37240.0,37241.0,37240.5,1.0,10680.01809831,1627377477.2664964,BTC-USD,Bitfinex
37245.0,37247.0,37246.0,2.0,10681.14071454,1627377494.591227,BTC-USD,Bitfinex
37245.0,37246.0,37245.5,1.0,10681.63029961,1627377512.513738,BTC-USD,Bitfinex
37245.0,37246.0,37245.5,1.0,10682.7355645,1627377529.7774272,BTC-USD,Bitfinex
37245.0,37246.0,37245.5,1.0,10682.7355645,1627377547.4053905,BTC-USD,Bitfinex
37259.0,37260.0,37259.5,1.0,10684.40139754,1627377564.778596,BTC-USD,Bitfinex
37241.0,37242.0,37241.5,1.0,10684.82749314,1627377581.946483,BTC-USD,Bitfinex
37219.0,37222.0,37220.5,3.0,10685.24187387,1627377599.1945596,BTC-USD,Bitfinex
37239.0,37240.0,37239.5,1.0,10687.03065554,1627377616.5738711,BTC-USD,Bitfinex
37241.0,37242.0,37241.5,1.0,10688.1040965,1627377634.0065784,BTC-USD,Bitfinex
37256.0,37257.0,37256.5,1.0,10689.55591999,1627377651.1931396,BTC-USD,Bitfinex
37231.0,37233.0,37232.0,2.0,10697.68629663,1627377669.3536234,BTC-USD,Bitfinex
37279.15,37279.16,37279.155,0.0100000000020372,113836.829373,1627375059.6094666,BTC-USD,Binance
37284.44,37284.45,37284.445,0.0099999999947613,113817.988738,1627375079.1893904,BTC-USD,Binance
37276.44,37276.45,37276.445,0.0099999999947613,113816.318039,1627375098.9056442,BTC-USD,Binance
37278.84,37278.85,37278.845,0.0100000000020372,113589.582566,1627375116.9601038,BTC-USD,Binance
37283.94,37283.95,37283.945,0.0099999999947613,113556.592603,1627375134.5911326,BTC-USD,Binance
37283.7,37283.71,37283.705,0.0100000000020372,113541.381014,1627375153.922296,BTC-USD,Binance
37283.58,37283.59,37283.585,0.0099999999947613,113529.043498,1627375173.9387543,BTC-USD,Binance
37299.33,37299.34,37299.335,0.0099999999947613,113514.206965,1627375191.4652576,BTC-USD,Binance
37297.74,37297.75,37297.745,0.0100000000020372,113500.377515,1627375209.139628,BTC-USD,Binance
37278.35,37278.36,37278.355,0.0100000000020372,113507.329493,1627375229.4391737,BTC-USD,Binance
37260.17,37260.18,37260.175,0.0100000000020372,113506.497567,1627375247.1778495,BTC-USD,Binance
37256.06,37256.07,37256.065,0.0100000000020372,113493.191926,1627375264.8112297,BTC-USD,Binance
37254.88,37254.89,37254.885,0.0100000000020372,113462.669138,1627375284.3052683,BTC-USD,Binance
37242.59,37242.6,37242.595,0.0100000000020372,113454.169593,1627375301.9857688,BTC-USD,Binance
37237.44,37237.45,37237.445,0.0099999999947613,113432.462234,1627375319.6338518,BTC-USD,Binance
37237.24,37239.18,37238.21,1.9400000000023283,113440.953257,1627375339.5144677,BTC-USD,Binance
37250.99,37251.0,37250.995,0.0100000000020372,113375.556719,1627375357.4262888,BTC-USD,Binance
37249.98,37249.99,37249.985,0.0099999999947613,113347.504284,1627375375.115844,BTC-USD,Binance
37249.98,37249.99,37249.985,0.0099999999947613,113337.606866,1627375393.4149165,BTC-USD,Binance
37247.2,37247.21,37247.205,0.0100000000020372,113330.140822,1627375411.388486,BTC-USD,Binance
37240.12,37243.72,37241.92,3.599999999998545,113316.992558,1627375428.4312518,BTC-USD,Binance
37239.71,37239.72,37239.715,0.0100000000020372,113301.834141,1627375445.6388133,BTC-USD,Binance
37230.3,37230.31,37230.305,0.0099999999947613,113289.932958,1627375462.9655735,BTC-USD,Binance
37231.23,37231.24,37231.235,0.0099999999947613,113286.536249,1627375479.9414475,BTC-USD,Binance
37236.99,37237.0,37236.995,0.0100000000020372,113282.201763,1627375497.3328772,BTC-USD,Binance
37229.11,37229.12,37229.115000000005,0.0100000000020372,113280.157831,1627375514.4210837,BTC-USD,Binance
37216.11,37218.68,37217.395,2.569999999999709,113278.157027,1627375531.5192251,BTC-USD,Binance
37225.0,37225.01,37225.005000000005,0.0100000000020372,113303.833916,1627375548.567169,BTC-USD,Binance
37244.48,37244.49,37244.485,0.0099999999947613,113314.289158,1627375565.608122,BTC-USD,Binance
37280.56,37280.57,37280.565,0.0100000000020372,113326.661192,1627375582.7355664,BTC-USD,Binance
37270.42,37271.82,37271.12,1.4000000000014552,113326.207819,1627375599.7930057,BTC-USD,Binance
37263.72,37263.73,37263.725000000006,0.0100000000020372,113320.874051,1627375616.829128,BTC-USD,Binance
37281.87,37285.15,37283.51,3.279999999998836,113322.873805,1627375633.887947,BTC-USD,Binance
37260.34,37260.35,37260.345,0.0100000000020372,113356.027298,1627375650.942212,BTC-USD,Binance
37280.39,37280.4,37280.395,0.0100000000020372,113356.0006,1627375668.055406,BTC-USD,Binance
37278.41,37278.42,37278.415,0.0099999999947613,113345.24607,1627375685.059131,BTC-USD,Binance
37298.53,37298.54,37298.535,0.0100000000020372,113340.193806,1627375702.15393,BTC-USD,Binance
37313.48,37313.49,37313.485,0.0099999999947613,113340.485562,1627375719.809598,BTC-USD,Binance
37315.79,37315.8,37315.795,0.0100000000020372,113340.397217,1627375737.6046882,BTC-USD,Binance
37332.31,37332.32,37332.315,0.0100000000020372,113336.442418,1627375755.3422685,BTC-USD,Binance
37339.01,37340.0,37339.505000000005,0.9899999999979628,113353.358076,1627375772.9352248,BTC-USD,Binance
37359.98,37359.99,37359.985,0.0099999999947613,113350.825633,1627375790.1615365,BTC-USD,Binance
37296.05,37296.06,37296.055,0.0099999999947613,113411.63583,1627375807.2222042,BTC-USD,Binance
37300.6,37300.61,37300.605,0.0100000000020372,113409.245792,1627375824.319218,BTC-USD,Binance
37309.45,37309.46,37309.455,0.0100000000020372,113411.988486,1627375841.4313004,BTC-USD,Binance
37317.21,37317.22,37317.215,0.0100000000020372,113407.330274,1627375858.641749,BTC-USD,Binance
37305.55,37305.56,37305.555,0.0099999999947613,113408.511551,1627375875.694978,BTC-USD,Binance
37321.62,37321.63,37321.625,0.0099999999947613,113415.64138,1627375892.8465693,BTC-USD,Binance
37324.21,37324.22,37324.215,0.0100000000020372,113411.939325,1627375909.8869658,BTC-USD,Binance
37316.41,37316.42,37316.415,0.0099999999947613,113398.873376,1627375927.2984707,BTC-USD,Binance
37310.66,37310.67,37310.665,0.0099999999947613,113397.99408,1627375944.4376256,BTC-USD,Binance
37319.01,37319.02,37319.015,0.0099999999947613,113374.294871,1627375961.5956647,BTC-USD,Binance
37308.59,37308.6,37308.595,0.0100000000020372,113360.642552,1627375978.6377623,BTC-USD,Binance
37313.18,37313.19,37313.185,0.0100000000020372,113300.068387,1627375995.8905897,BTC-USD,Binance
37300.0,37300.01,37300.005000000005,0.0100000000020372,113291.030122,1627376012.991228,BTC-USD,Binance
37304.76,37304.77,37304.765,0.0099999999947613,113296.323371,1627376030.1946633,BTC-USD,Binance
37292.0,37292.01,37292.005000000005,0.0100000000020372,113293.394497,1627376047.3768427,BTC-USD,Binance
37292.94,37292.95,37292.945,0.0099999999947613,113270.496333,1627376065.2894435,BTC-USD,Binance
37310.09,37310.1,37310.095,0.0100000000020372,113263.332799,1627376082.4311786,BTC-USD,Binance
37312.02,37312.03,37312.025,0.0100000000020372,113258.168558,1627376100.070012,BTC-USD,Binance
37305.8,37305.81,37305.805,0.0099999999947613,113256.150807,1627376117.3847094,BTC-USD,Binance
37305.86,37305.87,37305.865000000005,0.0100000000020372,113264.661054,1627376134.5991557,BTC-USD,Binance
37297.27,37297.28,37297.275,0.0100000000020372,113259.800485,1627376152.0754485,BTC-USD,Binance
37282.33,37282.34,37282.335,0.0099999999947613,113267.132463,1627376169.2881153,BTC-USD,Binance
37282.0,37282.01,37282.005000000005,0.0100000000020372,113271.3299,1627376186.658069,BTC-USD,Binance
37286.0,37286.01,37286.005000000005,0.0100000000020372,113267.812571,1627376203.8489878,BTC-USD,Binance
37280.0,37280.01,37280.005000000005,0.0100000000020372,113268.937678,1627376220.9766338,BTC-USD,Binance
37267.39,37267.4,37267.395,0.0100000000020372,113262.499332,1627376238.4689865,BTC-USD,Binance
37263.01,37263.02,37263.015,0.0099999999947613,113262.045626,1627376255.6025152,BTC-USD,Binance
37250.44,37250.45,37250.445,0.0099999999947613,113278.303722,1627376272.6578276,BTC-USD,Binance
37250.44,37250.45,37250.445,0.0099999999947613,113287.481082,1627376289.7401578,BTC-USD,Binance
37227.88,37227.89,37227.885,0.0100000000020372,113280.766974,1627376307.0880094,BTC-USD,Binance
37220.0,37221.91,37220.955,1.9100000000034925,113277.120135,1627376324.5756884,BTC-USD,Binance
37238.59,37238.6,37238.595,0.0100000000020372,113285.43133,1627376342.356971,BTC-USD,Binance
37230.5,37230.51,37230.505000000005,0.0100000000020372,113292.601303,1627376360.1147585,BTC-USD,Binance
37260.0,37260.01,37260.005000000005,0.0100000000020372,113290.591263,1627376377.4471648,BTC-USD,Binance
37251.24,37251.25,37251.245,0.0100000000020372,113290.461322,1627376394.5592885,BTC-USD,Binance
37251.57,37251.58,37251.575,0.0100000000020372,113285.629568,1627376411.6068091,BTC-USD,Binance
37245.95,37245.96,37245.955,0.0100000000020372,113278.82944,1627376429.335121,BTC-USD,Binance
37255.22,37255.23,37255.225000000006,0.0100000000020372,113279.174729,1627376446.6125891,BTC-USD,Binance
37252.49,37252.5,37252.495,0.0100000000020372,113272.703447,1627376463.7746737,BTC-USD,Binance
37260.2,37260.21,37260.205,0.0100000000020372,113252.523594,1627376483.5191586,BTC-USD,Binance
37271.38,37271.39,37271.385,0.0100000000020372,113242.225457,1627376500.663214,BTC-USD,Binance
37274.84,37274.85,37274.845,0.0100000000020372,113219.487432,1627376517.677343,BTC-USD,Binance
37268.43,37268.44,37268.435,0.0100000000020372,113131.326748,1627376534.7073076,BTC-USD,Binance
37283.55,37283.56,37283.555,0.0099999999947613,113088.138044,1627376552.769188,BTC-USD,Binance
37286.89,37286.9,37286.895,0.0100000000020372,113074.264923,1627376570.050913,BTC-USD,Binance
37282.47,37282.48,37282.475000000006,0.0100000000020372,113048.808678,1627376587.447214,BTC-USD,Binance
37285.07,37285.08,37285.075,0.0100000000020372,113037.841733,1627376604.559139,BTC-USD,Binance
37289.95,37289.96,37289.955,0.0100000000020372,112998.34476,1627376621.8631706,BTC-USD,Binance
37292.98,37292.99,37292.985,0.0099999999947613,112990.087918,1627376639.6154113,BTC-USD,Binance
37294.16,37294.17,37294.165,0.0099999999947613,112973.750808,1627376656.8000302,BTC-USD,Binance
37297.5,37297.51,37297.505000000005,0.0100000000020372,112934.611574,1627376674.00449,BTC-USD,Binance
37293.29,37293.3,37293.295,0.0100000000020372,112931.253018,1627376691.111777,BTC-USD,Binance
37285.81,37285.82,37285.815,0.0100000000020372,112934.028689,1627376708.1992383,BTC-USD,Binance
37274.03,37274.04,37274.035,0.0100000000020372,112900.766955,1627376725.673961,BTC-USD,Binance
37269.83,37270.54,37270.185,0.7099999999991269,112908.733352,1627376742.8793476,BTC-USD,Binance
37263.49,37263.5,37263.495,0.0100000000020372,112881.872702,1627376760.0909803,BTC-USD,Binance
37249.79,37249.8,37249.795,0.0100000000020372,112875.107087,1627376777.4656503,BTC-USD,Binance
37268.71,37268.72,37268.715,0.0100000000020372,112842.752073,1627376794.7421436,BTC-USD,Binance
37277.38,37277.39,37277.385,0.0100000000020372,112827.081959,1627376811.900644,BTC-USD,Binance
37268.74,37268.75,37268.745,0.0100000000020372,112814.68212,1627376829.3765965,BTC-USD,Binance
37258.86,37258.87,37258.865000000005,0.0100000000020372,112811.984808,1627376846.6087737,BTC-USD,Binance
37253.28,37253.29,37253.285,0.0100000000020372,112810.412252,1627376863.724008,BTC-USD,Binance
37270.01,37270.02,37270.015,0.0099999999947613,112814.495554,1627376881.4473624,BTC-USD,Binance
37270.55,37270.93,37270.740000000005,0.3799999999973806,112811.828559,1627376899.1149397,BTC-USD,Binance
37288.42,37288.43,37288.425,0.0100000000020372,112799.821612,1627376916.351365,BTC-USD,Binance
37294.26,37294.27,37294.265,0.0099999999947613,112791.651398,1627376933.543272,BTC-USD,Binance
37294.28,37294.29,37294.285,0.0100000000020372,112785.781012,1627376950.879197,BTC-USD,Binance
37299.99,37300.0,37299.995,0.0100000000020372,112783.006566,1627376968.0243475,BTC-USD,Binance
37311.92,37311.93,37311.925,0.0100000000020372,112746.194509,1627376985.1787877,BTC-USD,Binance
37319.02,37321.49,37320.255,2.470000000001164,112757.036977,1627377002.3591993,BTC-USD,Binance
37271.41,37271.42,37271.415,0.0099999999947613,112773.401336,1627377022.4662116,BTC-USD,Binance
37240.0,37240.01,37240.005000000005,0.0100000000020372,112778.027795,1627377039.594648,BTC-USD,Binance
37184.82,37184.84,37184.83,0.0199999999967985,112818.881083,1627377056.8522477,BTC-USD,Binance
37212.83,37212.84,37212.835,0.0099999999947613,112814.512432,1627377074.0132236,BTC-USD,Binance
37225.18,37225.19,37225.185,0.0100000000020372,112820.536503,1627377091.2581098,BTC-USD,Binance
37227.73,37227.74,37227.735,0.0099999999947613,112813.96462,1627377109.06285,BTC-USD,Binance
37234.52,37234.53,37234.525,0.0100000000020372,112814.07689,1627377126.5271566,BTC-USD,Binance
37250.03,37250.04,37250.035,0.0100000000020372,112810.400628,1627377144.3073454,BTC-USD,Binance
37240.0,37240.01,37240.005000000005,0.0100000000020372,112812.047336,1627377162.3561234,BTC-USD,Binance
37233.42,37233.43,37233.425,0.0100000000020372,112775.773135,1627377179.519204,BTC-USD,Binance
37223.35,37223.36,37223.355,0.0100000000020372,112765.882868,1627377196.885565,BTC-USD,Binance
37243.06,37243.38,37243.22,0.3199999999997089,112765.783361,1627377214.197417,BTC-USD,Binance
37255.31,37255.32,37255.315,0.0100000000020372,112766.643064,1627377231.3756309,BTC-USD,Binance
37260.52,37260.53,37260.525,0.0100000000020372,112768.476446,1627377248.55928,BTC-USD,Binance
37281.4,37284.04,37282.72,2.639999999999418,112762.994776,1627377265.8071709,BTC-USD,Binance
37285.94,37285.95,37285.945,0.0099999999947613,112759.384152,1627377283.5353236,BTC-USD,Binance
37268.1,37268.11,37268.105,0.0100000000020372,112759.556875,1627377300.895154,BTC-USD,Binance
37274.67,37274.68,37274.675,0.0100000000020372,112772.161605,1627377318.5638096,BTC-USD,Binance
37241.15,37241.16,37241.155,0.0100000000020372,112766.836288,1627377336.683819,BTC-USD,Binance
37203.1,37203.11,37203.105,0.0100000000020372,112771.476975,1627377354.4553916,BTC-USD,Binance
37203.12,37203.13,37203.125,0.0099999999947613,112761.418661,1627377371.9313807,BTC-USD,Binance
37199.99,37200.0,37199.995,0.0100000000020372,112772.695035,1627377389.2319813,BTC-USD,Binance
37192.66,37192.67,37192.665,0.0099999999947613,112772.143004,1627377406.4152062,BTC-USD,Binance
37194.84,37194.85,37194.845,0.0100000000020372,112764.743044,1627377423.9080386,BTC-USD,Binance
37188.1,37188.11,37188.105,0.0100000000020372,112772.901349,1627377442.5271797,BTC-USD,Binance
37194.15,37194.16,37194.155,0.0100000000020372,112770.848102,1627377459.7124224,BTC-USD,Binance
37186.13,37186.14,37186.135,0.0100000000020372,112772.195422,1627377477.2631838,BTC-USD,Binance
37196.08,37196.09,37196.085,0.0099999999947613,112764.967451,1627377494.5877495,BTC-USD,Binance
37190.02,37190.03,37190.025,0.0100000000020372,112761.623448,1627377512.5100813,BTC-USD,Binance
37215.85,37215.86,37215.855,0.0100000000020372,112750.569452,1627377529.7739215,BTC-USD,Binance
37209.44,37209.45,37209.445,0.0099999999947613,112747.524937,1627377547.4020596,BTC-USD,Binance
37181.0,37181.01,37181.005000000005,0.0100000000020372,112734.709198,1627377564.775105,BTC-USD,Binance
37169.3,37172.0,37170.65,2.6999999999970896,112714.432548,1627377581.943175,BTC-USD,Binance
37173.42,37173.43,37173.425,0.0100000000020372,112707.893812,1627377599.1911316,BTC-USD,Binance
37200.54,37200.55,37200.545,0.0100000000020372,112694.964634,1627377616.57057,BTC-USD,Binance
37206.36,37206.37,37206.365000000005,0.0100000000020372,112685.579145,1627377634.0032115,BTC-USD,Binance
37154.07,37154.08,37154.075,0.0100000000020372,112714.421064,1627377651.1898212,BTC-USD,Binance
37187.72,37187.73,37187.725000000006,0.0100000000020372,112734.934236,1627377669.350329,BTC-USD,Binance
