price,spread,24h_volume,timestamp,currency,exchange
47521.95,0.0999999999985448,1227.24507961,1632060485.535237,BTC-USD,Kraken
47488.95,0.0999999999985448,1229.62747717,1632060547.7579,BTC-USD,Kraken
47472.850000000006,0.0999999999985448,1234.53236114,1632060609.9183817,BTC-USD,Kraken
47449.15,0.0999999999985448,1235.12951197,1632060672.0427074,BTC-USD,Kraken
47530.15,1.5,1237.1229485,1632060734.197436,BTC-USD,Kraken
47504.05,2.900000000001455,1232.06602759,1632060796.3755682,BTC-USD,Kraken
47539.05,0.0999999999985448,1222.46985677,1632060858.584102,BTC-USD,Kraken
47532.05,0.0999999999985448,1222.69933301,1632060921.4194312,BTC-USD,Kraken
47539.05,0.0999999999985448,1222.57313845,1632060983.603915,BTC-USD,Kraken
47539.05,0.0999999999985448,1221.67455585,1632061045.7871535,BTC-USD,Kraken
47559.850000000006,0.0999999999985448,1221.05736537,1632061107.9839883,BTC-USD,Kraken
47559.850000000006,0.0999999999985448,1220.29585906,1632061170.2345915,BTC-USD,Kraken
47543.350000000006,0.0999999999985448,1220.4019428,1632061233.1525006,BTC-USD,Kraken
47510.25,0.1000000000058207,1220.54499324,1632061295.359892,BTC-USD,Kraken
47573.95,0.0999999999985448,1222.58667504,1632061357.508849,BTC-USD,Kraken
47537.55,0.0999999999985448,1222.70999341,1632061419.67861,BTC-USD,Kraken
47529.2,4.799999999995634,1222.70078576,1632061481.8327208,BTC-USD,Kraken
47535.850000000006,0.0999999999985448,1222.70703991,1632061543.947461,BTC-USD,Kraken
47508.65,0.0999999999985448,1225.13018335,1632061606.343335,BTC-USD,Kraken
47508.65,0.0999999999985448,1223.9677587,1632061668.8588784,BTC-USD,Kraken
47491.45,0.0999999999985448,1223.89340321,1632061731.0210547,BTC-USD,Kraken
47489.15,0.0999999999985448,1223.89317429,1632061793.3517375,BTC-USD,Kraken
47500.75,0.1000000000058207,1223.90329453,1632061856.1361454,BTC-USD,Kraken
47500.75,0.1000000000058207,1223.92499497,1632061918.236812,BTC-USD,Kraken
47500.75,0.1000000000058207,1223.81224705,1632061980.3570776,BTC-USD,Kraken
47500.75,0.1000000000058207,1222.49428476,1632062042.779705,BTC-USD,Kraken
47493.95,0.0999999999985448,1221.76943314,1632062105.1136732,BTC-USD,Kraken
47497.45,3.7000000000043656,1221.74771261,1632062167.361991,BTC-USD,Kraken
47496.55,0.0999999999985448,1221.7050375,1632062229.553337,BTC-USD,Kraken
47496.55,0.0999999999985448,1220.53943577,1632062291.877017,BTC-USD,Kraken
47496.55,0.0999999999985448,1220.1191316,1632062354.2212377,BTC-USD,Kraken
47496.55,0.0999999999985448,1218.96816893,1632062416.425128,BTC-USD,Kraken
47508.05,0.0999999999985448,1218.95457573,1632062478.7274709,BTC-USD,Kraken
47565.15,0.0999999999985448,1219.02878883,1632062540.9271712,BTC-USD,Kraken
47597.95,0.0999999999985448,1217.98802734,1632062603.203055,BTC-USD,Kraken
47597.95,0.0999999999985448,1216.95442387,1632062665.4609773,BTC-USD,Kraken
47597.95,0.0999999999985448,1216.69447577,1632062727.9235296,BTC-USD,Kraken
47619.05,0.0999999999985448,1218.3469236,1632062790.1939938,BTC-USD,Kraken
47662.15,0.0999999999985448,1218.35903937,1632062852.3708928,BTC-USD,Kraken
47670.15,0.0999999999985448,1217.67113889,1632062914.6167996,BTC-USD,Kraken
47648.15,0.0999999999985448,1218.10918868,1632062976.8241656,BTC-USD,Kraken
47680.45,1.9000000000014552,1218.59013749,1632063038.9895244,BTC-USD,Kraken
47697.15,0.0999999999985448,1219.76139483,1632063101.184706,BTC-USD,Kraken
47683.95,0.0999999999985448,1218.73026346,1632063163.7056189,BTC-USD,Kraken
47648.25,0.1000000000058207,1218.84625025,1632063225.893895,BTC-USD,Kraken
47648.25,0.1000000000058207,1218.94201644,1632063288.7067227,BTC-USD,Kraken
47627.850000000006,0.0999999999985448,1218.86637143,1632063350.9347565,BTC-USD,Kraken
47627.850000000006,0.0999999999985448,1218.62031539,1632063413.232273,BTC-USD,Kraken
47637.95,0.0999999999985448,1218.62501518,1632063476.0640724,BTC-USD,Kraken
47637.95,0.0999999999985448,1218.72323062,1632063539.0039227,BTC-USD,Kraken
47637.95,0.0999999999985448,1216.80298037,1632063601.4481795,BTC-USD,Kraken
47627.75,0.1000000000058207,1217.15578954,1632063664.2995036,BTC-USD,Kraken
47627.75,0.1000000000058207,1217.14494774,1632063726.571568,BTC-USD,Kraken
47627.75,0.1000000000058207,1216.59873138,1632063788.8148413,BTC-USD,Kraken
47627.75,0.1000000000058207,1216.49973105,1632063851.0163157,BTC-USD,Kraken
47627.75,0.1000000000058207,1216.49827049,1632063913.3166423,BTC-USD,Kraken
47668.15,0.0999999999985448,1216.47539963,1632063975.8152883,BTC-USD,Kraken
47686.65,0.0999999999985448,1216.5795595,1632064038.03183,BTC-USD,Kraken
47669.55,0.0999999999985448,1217.98305764,1632064100.4922163,BTC-USD,Kraken
47669.55,0.0999999999985448,1217.84495874,1632064163.44723,BTC-USD,Kraken
47668.15,0.0999999999985448,1218.64917172,1632064225.895006,BTC-USD,Kraken
47666.15,0.0999999999985448,1218.86517075,1632064288.2288952,BTC-USD,Kraken
47651.25,0.1000000000058207,1218.72234944,1632064350.721953,BTC-USD,Kraken
47634.15,0.0999999999985448,1218.57109635,1632064413.0056136,BTC-USD,Kraken
47568.05,0.0999999999985448,1219.54742103,1632064475.3287156,BTC-USD,Kraken
47609.25,0.1000000000058207,1219.59299527,1632064538.1025336,BTC-USD,Kraken
47656.25,0.1000000000058207,1219.24785664,1632064600.429766,BTC-USD,Kraken
47671.25,0.1000000000058207,1219.37374152,1632064662.9415548,BTC-USD,Kraken
47678.45,0.0999999999985448,1208.22933423,1632064725.7336006,BTC-USD,Kraken
47662.55,0.0999999999985448,1198.82900715,1632064788.2448363,BTC-USD,Kraken
47690.25,0.1000000000058207,1197.81814303,1632064850.444525,BTC-USD,Kraken
47691.350000000006,0.0999999999985448,1198.80283499,1632064912.7313704,BTC-USD,Kraken
47691.350000000006,0.0999999999985448,1198.67279796,1632064975.4803927,BTC-USD,Kraken
47691.350000000006,0.0999999999985448,1198.5977559,1632065037.697719,BTC-USD,Kraken
47691.350000000006,0.0999999999985448,1195.36992047,1632065099.991884,BTC-USD,Kraken
47691.95,0.0999999999985448,1195.35874378,1632065162.5436697,BTC-USD,Kraken
47691.95,0.0999999999985448,1195.59783308,1632065225.1356382,BTC-USD,Kraken
47676.25,0.1000000000058207,1195.57450252,1632065287.5300174,BTC-USD,Kraken
47676.25,0.1000000000058207,1195.47371652,1632065349.9276211,BTC-USD,Kraken
47676.25,0.1000000000058207,1195.46498787,1632065412.2702744,BTC-USD,Kraken
47676.25,0.1000000000058207,1195.85391149,1632065474.8387306,BTC-USD,Kraken
47676.25,0.1000000000058207,1195.859141,1632065537.435491,BTC-USD,Kraken
47676.25,0.1000000000058207,1195.94162119,1632065599.741021,BTC-USD,Kraken
47676.25,0.1000000000058207,1194.9109552,1632065662.2100072,BTC-USD,Kraken
47651.25,0.1000000000058207,1194.93460118,1632065724.5156868,BTC-USD,Kraken
47653.95,0.0999999999985448,1194.93073197,1632065786.7114651,BTC-USD,Kraken
47653.95,0.0999999999985448,1198.91487368,1632065849.2894287,BTC-USD,Kraken
47678.15,0.0999999999985448,1199.62781877,1632065911.8042643,BTC-USD,Kraken
47739.05,0.0999999999985448,1200.62388885,1632065974.0850112,BTC-USD,Kraken
47739.05,0.0999999999985448,1200.61675962,1632066036.915167,BTC-USD,Kraken
47739.05,0.0999999999985448,1200.57894698,1632066099.203345,BTC-USD,Kraken
47739.05,0.0999999999985448,1200.58057321,1632066161.6910946,BTC-USD,Kraken
47745.850000000006,0.0999999999985448,1200.20938629,1632066223.9741025,BTC-USD,Kraken
47745.850000000006,0.0999999999985448,1199.17808327,1632066286.2287357,BTC-USD,Kraken
47735.95,0.0999999999985448,1199.18173018,1632066348.4722395,BTC-USD,Kraken
47742.25,0.1000000000058207,1198.77971937,1632066411.3502457,BTC-USD,Kraken
47732.4,2.400000000001455,1198.77477521,1632066474.1018343,BTC-USD,Kraken
47711.05,0.0999999999985448,1198.5442145,1632066536.7831914,BTC-USD,Kraken
47698.8,3.0,1208.23728417,1632066599.1642992,BTC-USD,Kraken
47701.05,0.0999999999985448,1208.17845893,1632066661.4810696,BTC-USD,Kraken
47701.15,0.0999999999985448,1208.09131003,1632066724.4418485,BTC-USD,Kraken
47714.65,0.0999999999985448,1208.13298827,1632066786.7058246,BTC-USD,Kraken
47739.65,0.0999999999985448,1200.40586676,1632066849.3654926,BTC-USD,Kraken
47739.65,0.0999999999985448,1200.35447271,1632066911.7733395,BTC-USD,Kraken
47739.95,0.0999999999985448,1200.21617696,1632066974.1942816,BTC-USD,Kraken
47703.25,3.8999999999941792,1200.24462097,1632067037.3377209,BTC-USD,Kraken
47689.05,4.299999999995634,1199.19132418,1632067099.929848,BTC-USD,Kraken
47687.350000000006,0.0999999999985448,1199.27713957,1632067162.2431247,BTC-USD,Kraken
47674.25,0.1000000000058207,1198.94521166,1632067225.8090277,BTC-USD,Kraken
47678.75,0.1000000000058207,1197.74599354,1632067288.108061,BTC-USD,Kraken
47678.75,0.1000000000058207,1198.27617881,1632067350.493399,BTC-USD,Kraken
47622.15,0.0999999999985448,1195.06374355,1632067413.1093893,BTC-USD,Kraken
47641.9,1.5999999999985448,1195.10492299,1632067475.5391304,BTC-USD,Kraken
47550.05,0.0999999999985448,1194.72815025,1632067538.4998424,BTC-USD,Kraken
47576.7,6.0,1194.59045202,1632067601.4543695,BTC-USD,Kraken
47567.9,6.19999999999709,1193.27710984,1632067664.2883046,BTC-USD,Kraken
47579.95,0.0999999999985448,1193.26250234,1632067726.6120727,BTC-USD,Kraken
47579.95,0.0999999999985448,1191.84443721,1632067788.8491857,BTC-USD,Kraken
47643.350000000006,0.0999999999985448,1191.08388035,1632067851.131454,BTC-USD,Kraken
47671.7,4.200000000004366,1191.09420221,1632067913.4713712,BTC-USD,Kraken
47667.75,0.1000000000058207,1188.55965645,1632067975.7523112,BTC-USD,Kraken
47678.75,0.1000000000058207,1188.86063681,1632068038.256426,BTC-USD,Kraken
47678.75,0.1000000000058207,1188.85232094,1632068101.358651,BTC-USD,Kraken
47678.75,0.1000000000058207,1188.44620037,1632068164.176437,BTC-USD,Kraken
47678.75,0.1000000000058207,1188.38890915,1632068226.5388975,BTC-USD,Kraken
47678.75,0.1000000000058207,1188.40415172,1632068289.6377928,BTC-USD,Kraken
47698.75,0.1000000000058207,1188.60645685,1632068351.9879785,BTC-USD,Kraken
47698.75,0.1000000000058207,1188.56170637,1632068414.3007338,BTC-USD,Kraken
47698.75,0.1000000000058207,1187.64182335,1632068476.878853,BTC-USD,Kraken
47715.75,0.1000000000058207,1187.34774836,1632068539.4332974,BTC-USD,Kraken
47712.350000000006,0.0999999999985448,1186.59443274,1632068601.982798,BTC-USD,Kraken
47712.25,0.1000000000058207,1186.60881196,1632068664.2579622,BTC-USD,Kraken
47694.05,0.0999999999985448,1186.59843698,1632068726.6410682,BTC-USD,Kraken
47630.05,0.0999999999985448,1186.54650042,1632068788.96035,BTC-USD,Kraken
47633.45,0.0999999999985448,1185.49331508,1632068851.2881591,BTC-USD,Kraken
47635.2,5.799999999995634,1186.79766049,1632068913.503687,BTC-USD,Kraken
47626.25,0.1000000000058207,1186.54159573,1632068976.5615802,BTC-USD,Kraken
47630.850000000006,0.0999999999985448,1184.78278861,1632069039.1802702,BTC-USD,Kraken
47634.95,0.0999999999985448,1184.58155523,1632069101.5141883,BTC-USD,Kraken
47640.350000000006,0.0999999999985448,1184.32443322,1632069164.257546,BTC-USD,Kraken
47640.350000000006,0.0999999999985448,1184.21445304,1632069228.331615,BTC-USD,Kraken
47640.350000000006,0.0999999999985448,1183.84524797,1632069290.5381565,BTC-USD,Kraken
47640.350000000006,0.0999999999985448,1180.33015033,1632069353.0394814,BTC-USD,Kraken
47640.350000000006,0.0999999999985448,1180.26652575,1632069415.6728125,BTC-USD,Kraken
47679.350000000006,0.0999999999985448,1180.31367611,1632069477.939788,BTC-USD,Kraken
47688.350000000006,0.9000000000014552,1180.30932115,1632069540.8827083,BTC-USD,Kraken
47698.75,0.1000000000058207,1180.35803414,1632069603.7336657,BTC-USD,Kraken
47699.95,0.0999999999985448,1179.41515766,1632069666.2499497,BTC-USD,Kraken
47688.95,0.0999999999985448,1178.87118023,1632069728.8683362,BTC-USD,Kraken
47640.350000000006,0.0999999999985448,1177.59052389,1632069791.158006,BTC-USD,Kraken
47601.05,0.0999999999985448,1177.85389421,1632069853.6226947,BTC-USD,Kraken
47561.15,0.0999999999985448,1162.15054548,1632069915.9359386,BTC-USD,Kraken
47572.65,2.3000000000029104,1161.38147478,1632069978.3327663,BTC-USD,Kraken
47573.95,0.0999999999985448,1161.37443823,1632070040.601921,BTC-USD,Kraken
47573.95,0.0999999999985448,1161.12402995,1632070103.025898,BTC-USD,Kraken
47573.95,0.0999999999985448,1161.08570378,1632070165.4047332,BTC-USD,Kraken
47589.350000000006,0.0999999999985448,1161.20997542,1632070227.7516298,BTC-USD,Kraken
47615.05,0.0999999999985448,1161.29445762,1632070290.747531,BTC-USD,Kraken
47614.75,0.1000000000058207,1162.11885745,1632070353.8654308,BTC-USD,Kraken
47623.75,0.1000000000058207,1162.18442243,1632070416.1945815,BTC-USD,Kraken
47600.05,0.0999999999985448,1161.81068248,1632070478.7418046,BTC-USD,Kraken
47577.25,0.1000000000058207,1163.73007165,1632070541.173641,BTC-USD,Kraken
47577.25,0.1000000000058207,1163.5101336,1632070603.5421722,BTC-USD,Kraken
47571.25,0.1000000000058207,1161.8297676,1632070666.3937607,BTC-USD,Kraken
47571.25,0.1000000000058207,1160.58974397,1632070728.8426974,BTC-USD,Kraken
47571.25,0.1000000000058207,1160.59841722,1632070791.3451016,BTC-USD,Kraken
47577.100000000006,0.4000000000014552,1160.57537417,1632070853.7447157,BTC-USD,Kraken
47577.25,0.1000000000058207,1160.50435395,1632070916.1792612,BTC-USD,Kraken
47577.25,0.1000000000058207,1160.41576339,1632070979.422248,BTC-USD,Kraken
47577.25,0.1000000000058207,1160.25923098,1632071042.0964105,BTC-USD,Kraken
47577.25,0.1000000000058207,1167.19705849,1632071104.5499494,BTC-USD,Kraken
47598.75,0.1000000000058207,1166.22615928,1632071166.9694183,BTC-USD,Kraken
47598.75,0.1000000000058207,1153.10438688,1632071229.525869,BTC-USD,Kraken
47611.95,0.0999999999985448,1153.18696323,1632071291.939105,BTC-USD,Kraken
47612.15,0.0999999999985448,1152.06621781,1632071354.3210742,BTC-USD,Kraken
47645.15,0.0999999999985448,1151.98845483,1632071416.698325,BTC-USD,Kraken
47645.15,0.0999999999985448,1151.40001439,1632071479.1200364,BTC-USD,Kraken
47576.25,0.1000000000058207,1152.57010444,1632071541.5823133,BTC-USD,Kraken
47592.75,0.1000000000058207,1153.44025317,1632071604.0345843,BTC-USD,Kraken
47592.75,0.1000000000058207,1152.27435913,1632071666.7176833,BTC-USD,Kraken
47592.75,0.1000000000058207,1151.74731898,1632071728.9823012,BTC-USD,Kraken
47592.75,0.1000000000058207,1151.63541348,1632071791.3820283,BTC-USD,Kraken
47599.95,0.0999999999985448,1146.87267871,1632071854.1094842,BTC-USD,Kraken
47599.95,0.0999999999985448,1153.6983846,1632071916.897477,BTC-USD,Kraken
47599.95,0.0999999999985448,1152.7402693,1632071979.788492,BTC-USD,Kraken
47599.95,0.0999999999985448,1153.0553603,1632072042.3617218,BTC-USD,Kraken
47599.95,0.0999999999985448,1152.9753603,1632072105.2137873,BTC-USD,Kraken
47599.95,0.0999999999985448,1152.73437293,1632072167.6909077,BTC-USD,Kraken
47616.25,0.1000000000058207,1153.04199338,1632072230.932577,BTC-USD,Kraken
47626.350000000006,0.0999999999985448,1143.13591945,1632072293.2164829,BTC-USD,Kraken
47626.350000000006,0.0999999999985448,1140.36633662,1632072355.7712998,BTC-USD,Kraken
47502.005000000005,0.0100000000020372,9065.789262548426,1632060485.4453132,BTC-USD,Huobi
47460.975000000006,0.0100000000020372,9074.76180400294,1632060547.7099383,BTC-USD,Huobi
47457.165,0.0099999999947613,9075.76423185403,1632060609.8665197,BTC-USD,Huobi
47409.315,0.0100000000020372,9072.45013529378,1632060671.974477,BTC-USD,Huobi
47492.465,0.0100000000020372,9087.256877093234,1632060734.1456976,BTC-USD,Huobi
47491.985,0.0099999999947613,9090.51247561866,1632060796.318923,BTC-USD,Huobi
47534.695,0.0099999999947613,9092.19700818865,1632060858.5385509,BTC-USD,Huobi
47485.945,0.0099999999947613,9095.134752154125,1632060921.389079,BTC-USD,Huobi
47525.565,0.0100000000020372,9102.022433736069,1632060983.5397313,BTC-USD,Huobi
47551.555,0.0099999999947613,9100.808414985762,1632061045.7064812,BTC-USD,Huobi
47545.005000000005,0.0100000000020372,9110.030266561276,1632061107.935709,BTC-USD,Huobi
47530.365000000005,0.0100000000020372,9113.580058616508,1632061170.1524312,BTC-USD,Huobi
47517.025,0.0100000000020372,9115.699045719231,1632061233.099846,BTC-USD,Huobi
47491.775,0.0100000000020372,9114.626729448377,1632061295.2864964,BTC-USD,Huobi
47525.985,0.0099999999947613,9132.777172001144,1632061357.4431655,BTC-USD,Huobi
47518.755000000005,0.0100000000020372,9153.290080249157,1632061419.6142583,BTC-USD,Huobi
47517.355,0.0100000000020372,9153.405262285103,1632061481.793739,BTC-USD,Huobi
47517.365000000005,0.0100000000020372,9150.649329506976,1632061543.891652,BTC-USD,Huobi
47495.735,0.0099999999947613,9146.506379239418,1632061606.2847545,BTC-USD,Huobi
47495.725000000006,0.0100000000020372,9145.227967052811,1632061668.789825,BTC-USD,Huobi
47472.495,0.0100000000020372,9141.829374469587,1632061730.9579291,BTC-USD,Huobi
47453.125,0.0099999999947613,9146.756785398213,1632061793.29048,BTC-USD,Huobi
47478.055,0.0099999999947613,9145.621976982173,1632061856.071737,BTC-USD,Huobi
47483.995,0.0100000000020372,9144.164389569776,1632061918.1949031,BTC-USD,Huobi
47473.095,0.0100000000020372,9125.85381703025,1632061980.3025258,BTC-USD,Huobi
47487.155,0.0100000000020372,9124.745463483752,1632062042.7401383,BTC-USD,Huobi
47468.745,0.0100000000020372,9122.075884269128,1632062105.0346224,BTC-USD,Huobi
47483.045,0.0100000000020372,9118.858062907626,1632062167.302469,BTC-USD,Huobi
47486.045,0.0100000000020372,9116.0352301185,1632062229.4775343,BTC-USD,Huobi
47468.755000000005,0.0100000000020372,9115.368675287433,1632062291.8184824,BTC-USD,Huobi
47478.255000000005,0.0100000000020372,9113.638691034032,1632062354.1485243,BTC-USD,Huobi
47481.645,0.0100000000020372,9110.93222046472,1632062416.3727758,BTC-USD,Huobi
47497.405,0.0100000000020372,9109.61597663136,1632062478.6605294,BTC-USD,Huobi
47562.675,0.0100000000020372,9114.579456883685,1632062540.8744843,BTC-USD,Huobi
47606.175,0.0100000000020372,9140.574390645485,1632062603.142495,BTC-USD,Huobi
47599.915,0.0099999999947613,9147.904883260006,1632062665.4199803,BTC-USD,Huobi
47609.235,0.0099999999947613,9152.532720368406,1632062727.8796926,BTC-USD,Huobi
47634.795,0.0100000000020372,9158.015673723085,1632062790.147609,BTC-USD,Huobi
47645.015,0.0099999999947613,9162.207867449675,1632062852.3144794,BTC-USD,Huobi
47635.255000000005,0.0100000000020372,9170.14349839143,1632062914.5670707,BTC-USD,Huobi
47635.475000000006,0.0100000000020372,9174.90011026575,1632062976.7534263,BTC-USD,Huobi
47671.105,0.0100000000020372,9180.610533093472,1632063038.9297533,BTC-USD,Huobi
47689.535,0.0100000000020372,9184.695672730604,1632063101.09847,BTC-USD,Huobi
47661.985,0.0099999999947613,9202.371129525156,1632063163.659726,BTC-USD,Huobi
47610.095,0.0100000000020372,9218.918193059268,1632063225.8184755,BTC-USD,Huobi
47595.005000000005,0.0100000000020372,9223.835356126903,1632063288.6669652,BTC-USD,Huobi
47599.645,0.0100000000020372,9227.695306387786,1632063350.8910775,BTC-USD,Huobi
47628.685,0.0100000000020372,9223.751669756088,1632063413.163818,BTC-USD,Huobi
47621.045,0.0100000000020372,9228.191045504364,1632063476.0022447,BTC-USD,Huobi
47616.155,0.0100000000020372,9242.559241314086,1632063538.934493,BTC-USD,Huobi
47584.485,0.0099999999947613,9242.44598621424,1632063601.3949373,BTC-USD,Huobi
47591.555,0.0099999999947613,9258.632840113534,1632063664.2510085,BTC-USD,Huobi
47612.945,0.0099999999947613,9263.495522865738,1632063726.5305574,BTC-USD,Huobi
47614.785,0.0100000000020372,9257.97289551128,1632063788.7504778,BTC-USD,Huobi
47633.615000000005,0.0100000000020372,9261.182222679314,1632063850.9765904,BTC-USD,Huobi
47631.795,0.0100000000020372,9263.186067984165,1632063913.2664928,BTC-USD,Huobi
47680.675,0.0100000000020372,9264.997832419223,1632063975.757794,BTC-USD,Huobi
47683.765,0.0099999999947613,9271.23894166702,1632064037.986473,BTC-USD,Huobi
47648.205,0.0100000000020372,9294.785124372827,1632064100.4435723,BTC-USD,Huobi
47632.345,0.0100000000020372,9292.895466387192,1632064163.3864722,BTC-USD,Huobi
47617.385,0.0100000000020372,9290.643180725778,1632064225.8264792,BTC-USD,Huobi
47618.675,0.0100000000020372,9291.019672735913,1632064288.1669605,BTC-USD,Huobi
47593.365000000005,0.0100000000020372,9295.294654102305,1632064350.6722806,BTC-USD,Huobi
47592.005000000005,0.0100000000020372,9294.592802519228,1632064412.970791,BTC-USD,Huobi
47550.005000000005,0.0100000000020372,9308.295608609104,1632064475.2788315,BTC-USD,Huobi
47594.765,0.0099999999947613,9317.157543580988,1632064538.0399356,BTC-USD,Huobi
47669.995,0.0100000000020372,9335.875523570276,1632064600.3581674,BTC-USD,Huobi
47655.225000000006,0.0100000000020372,9338.491034956334,1632064662.8900516,BTC-USD,Huobi
47662.385,0.0100000000020372,9340.010101192778,1632064725.6762972,BTC-USD,Huobi
47655.115000000005,0.0100000000020372,9339.578786573553,1632064788.18453,BTC-USD,Huobi
47681.995,0.0100000000020372,9341.816711233174,1632064850.3931575,BTC-USD,Huobi
47681.575,0.0100000000020372,9354.423807453555,1632064912.674479,BTC-USD,Huobi
47653.785,0.0100000000020372,9358.72867724292,1632064975.4025156,BTC-USD,Huobi
47649.375,0.0099999999947613,9360.088457048463,1632065037.6347504,BTC-USD,Huobi
47633.435,0.0100000000020372,9358.685248028733,1632065099.9120915,BTC-USD,Huobi
47679.995,0.0100000000020372,9359.072092402108,1632065162.4555974,BTC-USD,Huobi
47670.135,0.0100000000020372,9359.981745953926,1632065225.082487,BTC-USD,Huobi
47658.085,0.0099999999947613,9359.988699694788,1632065287.4537358,BTC-USD,Huobi
47658.175,0.0100000000020372,9360.083361351455,1632065349.87426,BTC-USD,Huobi
47652.645,0.0100000000020372,9363.984439429478,1632065412.2106154,BTC-USD,Huobi
47656.845,0.0100000000020372,9367.979804193395,1632065474.7636464,BTC-USD,Huobi
47648.825,0.0100000000020372,9368.24155258823,1632065537.3798172,BTC-USD,Huobi
47628.005000000005,0.0100000000020372,9366.780137858066,1632065599.695682,BTC-USD,Huobi
47623.055,0.0099999999947613,9362.110635086088,1632065662.162899,BTC-USD,Huobi
47618.345,0.0100000000020372,9358.97482399423,1632065724.460519,BTC-USD,Huobi
47657.355,0.0100000000020372,9363.496801832252,1632065786.6639185,BTC-USD,Huobi
47678.835,0.0099999999947613,9361.850884758484,1632065849.2214704,BTC-USD,Huobi
47703.165,0.0099999999947613,9364.802620015796,1632065911.7332747,BTC-USD,Huobi
47737.545,0.0100000000020372,9372.981572348624,1632065974.023219,BTC-USD,Huobi
47743.525,0.0100000000020372,9373.447447762228,1632066036.856044,BTC-USD,Huobi
47740.105,0.0100000000020372,9369.875080275307,1632066099.130164,BTC-USD,Huobi
47741.095,0.0100000000020372,9366.21652589473,1632066161.6350827,BTC-USD,Huobi
47723.255000000005,0.0100000000020372,9366.932155337849,1632066223.9273682,BTC-USD,Huobi
47700.005000000005,0.0100000000020372,9366.487689860234,1632066286.1384768,BTC-USD,Huobi
47729.995,0.0100000000020372,9365.748823653505,1632066348.4392917,BTC-USD,Huobi
47719.025,0.0100000000020372,9345.719342307146,1632066411.290468,BTC-USD,Huobi
47716.505000000005,0.0100000000020372,9294.72762009036,1632066474.0228422,BTC-USD,Huobi
47693.325,0.0100000000020372,9279.54572451576,1632066536.727231,BTC-USD,Huobi
47686.115000000005,0.0100000000020372,9280.538022387827,1632066599.0824847,BTC-USD,Huobi
47684.535,0.0100000000020372,9262.83854016053,1632066661.4186275,BTC-USD,Huobi
47686.105,0.0100000000020372,9261.399626081327,1632066724.3716185,BTC-USD,Huobi
47709.615000000005,0.0100000000020372,9224.997474759184,1632066786.6466718,BTC-USD,Huobi
47718.005000000005,0.0100000000020372,9216.840973495997,1632066849.3345635,BTC-USD,Huobi
47722.865000000005,0.0100000000020372,9213.79636186701,1632066911.719974,BTC-USD,Huobi
47734.695,0.0099999999947613,9213.2907397082,1632066974.1334517,BTC-USD,Huobi
47687.145,0.0100000000020372,9219.76811620682,1632067037.2868707,BTC-USD,Huobi
47679.405,0.0100000000020372,9222.413396616195,1632067099.8488922,BTC-USD,Huobi
47671.455,0.0100000000020372,9220.917595542076,1632067162.2064743,BTC-USD,Huobi
47644.995,0.0100000000020372,9204.165509932423,1632067225.7544944,BTC-USD,Huobi
47681.605,0.0100000000020372,9186.696269131053,1632067288.06647,BTC-USD,Huobi
47675.725000000006,1.069999999999709,9177.836642585637,1632067350.4546113,BTC-USD,Huobi
47627.995,0.0100000000020372,9155.815711871508,1632067413.0413728,BTC-USD,Huobi
47633.675,0.0100000000020372,9147.100480116354,1632067475.4949253,BTC-USD,Huobi
47518.845,0.0100000000020372,9158.224304993111,1632067538.463982,BTC-USD,Huobi
47564.535,0.0100000000020372,9178.868261276446,1632067601.3944914,BTC-USD,Huobi
47557.965,0.0100000000020372,9179.39306868837,1632067664.230479,BTC-USD,Huobi
47597.195,0.0099999999947613,9179.604950425966,1632067726.5483427,BTC-USD,Huobi
47603.005000000005,0.0100000000020372,9166.67056007048,1632067788.7881217,BTC-USD,Huobi
47634.995,0.0100000000020372,9172.602950984936,1632067851.071829,BTC-USD,Huobi
47660.545,0.0100000000020372,9169.702060347538,1632067913.414482,BTC-USD,Huobi
47660.545,0.0100000000020372,9167.118707000049,1632067975.6866217,BTC-USD,Huobi
47679.995,0.0100000000020372,9162.201853207856,1632068038.2050762,BTC-USD,Huobi
47654.375,0.0099999999947613,9160.288645466017,1632068101.3111951,BTC-USD,Huobi
47662.175,0.0100000000020372,9158.835959685592,1632068164.1379037,BTC-USD,Huobi
47678.295,0.0100000000020372,9156.113340165117,1632068226.456035,BTC-USD,Huobi
47692.285,0.0100000000020372,9153.20715482429,1632068289.598598,BTC-USD,Huobi
47698.275,0.0100000000020372,9151.16930064114,1632068351.942626,BTC-USD,Huobi
47689.825,0.0100000000020372,9147.175523356733,1632068414.234558,BTC-USD,Huobi
47709.075,0.0100000000020372,9141.887698140476,1632068476.813615,BTC-USD,Huobi
47710.855,0.0100000000020372,9138.058668181631,1632068539.390596,BTC-USD,Huobi
47703.795,0.0100000000020372,9138.358354283962,1632068601.9458222,BTC-USD,Huobi
47670.045,0.0100000000020372,9137.920922621655,1632068664.2106783,BTC-USD,Huobi
47636.785,0.0100000000020372,9138.193401429213,1632068726.5759854,BTC-USD,Huobi
47615.695,0.0099999999947613,9138.418268467616,1632068788.8885872,BTC-USD,Huobi
47627.455,0.0100000000020372,9131.453141711332,1632068851.2464905,BTC-USD,Huobi
47620.875,0.0099999999947613,9111.60561915215,1632068913.4479089,BTC-USD,Huobi
47610.005000000005,0.0100000000020372,9092.443420931064,1632068976.5025752,BTC-USD,Huobi
47622.765,0.0099999999947613,9076.710920835225,1632069039.1176512,BTC-USD,Huobi
47625.835,0.0099999999947613,9075.901250848754,1632069101.457382,BTC-USD,Huobi
47618.235,0.0099999999947613,9092.17939378816,1632069164.1870482,BTC-USD,Huobi
47620.635,0.0100000000020372,9091.895765393954,1632069228.2673435,BTC-USD,Huobi
47619.485,0.0099999999947613,9092.913421134896,1632069290.4902046,BTC-USD,Huobi
47630.875,0.0099999999947613,9091.02938660262,1632069352.9825003,BTC-USD,Huobi
47668.515,0.0099999999947613,9091.23301028968,1632069415.6095116,BTC-USD,Huobi
47681.995,0.0100000000020372,9094.328688588035,1632069477.8864906,BTC-USD,Huobi
47685.375,0.0099999999947613,9076.08571577732,1632069540.8344758,BTC-USD,Huobi
47701.915,0.0099999999947613,9071.837355338976,1632069603.6817036,BTC-USD,Huobi
47691.805,0.0099999999947613,9070.986598581836,1632069666.1865728,BTC-USD,Huobi
47646.285,0.0100000000020372,9064.982586845732,1632069728.7948878,BTC-USD,Huobi
47618.865000000005,0.0100000000020372,9064.565028485476,1632069791.106505,BTC-USD,Huobi
47589.025,0.0100000000020372,9066.989163603766,1632069853.5584736,BTC-USD,Huobi
47550.775,0.0100000000020372,9064.761151172874,1632069915.8962488,BTC-USD,Huobi
47560.515,0.0099999999947613,9064.144311173442,1632069978.2795875,BTC-USD,Huobi
47586.985,0.0099999999947613,9064.402091493615,1632070040.5311875,BTC-USD,Huobi
47574.005000000005,0.0100000000020372,9062.23058627808,1632070102.9532592,BTC-USD,Huobi
47587.245,0.0100000000020372,9059.3102781335,1632070165.3549051,BTC-USD,Huobi
47584.875,0.0099999999947613,9060.58582551039,1632070227.6984732,BTC-USD,Huobi
47606.685,0.0100000000020372,9061.105598071475,1632070290.6896868,BTC-USD,Huobi
47606.715,0.0100000000020372,9058.504888989395,1632070353.8203022,BTC-USD,Huobi
47614.725000000006,0.0100000000020372,9057.352169234948,1632070416.1714911,BTC-USD,Huobi
47562.345,0.0100000000020372,9057.89665054521,1632070478.6567285,BTC-USD,Huobi
47565.145,0.0100000000020372,9060.943074752196,1632070541.102658,BTC-USD,Huobi
47556.325,0.0100000000020372,9062.350391713118,1632070603.4982457,BTC-USD,Huobi
47560.505000000005,0.0100000000020372,9044.901137227882,1632070666.3466218,BTC-USD,Huobi
47551.135,0.0100000000020372,9032.019852014831,1632070728.7859304,BTC-USD,Huobi
47545.575,0.0100000000020372,9028.18649018345,1632070791.2921307,BTC-USD,Huobi
47573.985,0.0099999999947613,9013.608901765434,1632070853.673869,BTC-USD,Huobi
47575.175,0.0100000000020372,9010.995250268712,1632070916.138772,BTC-USD,Huobi
47584.445,0.0099999999947613,9010.287163919877,1632070979.3600469,BTC-USD,Huobi
47581.925,0.0100000000020372,9004.445050611897,1632071042.030481,BTC-USD,Huobi
47582.745,0.0100000000020372,9003.385929201766,1632071104.4745438,BTC-USD,Huobi
47614.005000000005,0.0100000000020372,9003.009369746333,1632071166.927839,BTC-USD,Huobi
47611.445,0.0099999999947613,9003.294411670284,1632071229.4329607,BTC-USD,Huobi
47621.645,0.0100000000020372,8999.819868999757,1632071291.8718767,BTC-USD,Huobi
47617.935,0.0100000000020372,8995.913005111472,1632071354.2714665,BTC-USD,Huobi
47649.995,0.0100000000020372,8993.866510370426,1632071416.6458545,BTC-USD,Huobi
47627.085,0.0099999999947613,8996.193807310341,1632071479.0502744,BTC-USD,Huobi
47565.875,0.0099999999947613,9002.127054723656,1632071541.5290368,BTC-USD,Huobi
47599.995,0.0100000000020372,8994.134307270988,1632071603.9864695,BTC-USD,Huobi
47568.065,0.0100000000020372,8990.71954469884,1632071666.6489706,BTC-USD,Huobi
47568.045,0.0100000000020372,8967.908606895751,1632071728.9364016,BTC-USD,Huobi
47561.165,0.0099999999947613,8963.653139361732,1632071791.326477,BTC-USD,Huobi
47619.285,0.0100000000020372,8965.298354125578,1632071854.0521092,BTC-USD,Huobi
47635.855,0.0100000000020372,8968.199468938756,1632071916.846546,BTC-USD,Huobi
47625.395,0.0100000000020372,8969.455363640262,1632071979.7360606,BTC-USD,Huobi
47627.265,0.0099999999947613,8951.991084540346,1632072042.291932,BTC-USD,Huobi
47631.705,0.0100000000020372,8856.435958474654,1632072105.138472,BTC-USD,Huobi
47629.705,0.0100000000020372,8763.831284530524,1632072167.638638,BTC-USD,Huobi
47628.095,0.0100000000020372,8759.453324816544,1632072230.886499,BTC-USD,Huobi
47632.185,0.0100000000020372,8765.413745656742,1632072293.1436024,BTC-USD,Huobi
47626.945,0.0099999999947613,8760.511494900933,1632072355.7130544,BTC-USD,Huobi
47522.095,11.010000000002035,,1632060485.5372667,BTC-USD,Gemini
47478.885,9.87000000000262,,1632060547.7605145,BTC-USD,Gemini
47476.51,7.400000000001455,,1632060609.927436,BTC-USD,Gemini
47438.695,0.0099999999947613,,1632060672.0505595,BTC-USD,Gemini
47512.53,6.540000000000873,,1632060734.2284043,BTC-USD,Gemini
47510.65,9.739999999997965,,1632060796.3786151,BTC-USD,Gemini
47543.715,6.510000000002037,,1632060858.6082623,BTC-USD,Gemini
47502.3,10.680000000000293,,1632060921.4362378,BTC-USD,Gemini
47545.735,2.8300000000017462,,1632060983.6085198,BTC-USD,Gemini
47560.83,5.239999999997963,,1632061045.874746,BTC-USD,Gemini
47567.62,0.4599999999991269,,1632061108.01035,BTC-USD,Gemini
47553.07,3.8999999999941792,,1632061170.4065104,BTC-USD,Gemini
47541.815,1.4099999999962165,,1632061233.1669714,BTC-USD,Gemini
47513.725,5.94999999999709,,1632061295.3763363,BTC-USD,Gemini
47543.68,9.69999999999709,,1632061357.5209122,BTC-USD,Gemini
47534.36,9.0,,1632061419.6804276,BTC-USD,Gemini
47531.97,5.80000000000291,,1632061481.8463345,BTC-USD,Gemini
47538.65,0.9599999999991268,,1632061543.967057,BTC-USD,Gemini
47509.535,9.390000000006694,,1632061606.3595564,BTC-USD,Gemini
47511.08,5.379999999997381,,1632061668.8745942,BTC-USD,Gemini
47500.005000000005,0.0100000000020372,,1632061731.0321178,BTC-USD,Gemini
47469.51,12.12000000000262,,1632061793.3697135,BTC-USD,Gemini
47501.76,12.19999999999709,,1632061856.1391337,BTC-USD,Gemini
47499.09,6.980000000003201,,1632061918.240362,BTC-USD,Gemini
47489.565,10.409999999996217,,1632061980.3865037,BTC-USD,Gemini
47503.28,14.839999999996508,,1632062042.7884743,BTC-USD,Gemini
47484.035,8.909999999996217,,1632062105.2061598,BTC-USD,Gemini
47499.69,15.419999999998254,,1632062167.3801436,BTC-USD,Gemini
47503.17,10.639999999999418,,1632062229.5625813,BTC-USD,Gemini
47495.705,7.650000000001455,,1632062291.881828,BTC-USD,Gemini
47497.355,7.610000000000582,,1632062354.224512,BTC-USD,Gemini
47501.945,10.00999999999476,,1632062416.4283285,BTC-USD,Gemini
47506.53,0.8399999999965075,,1632062478.7299016,BTC-USD,Gemini
47574.83,9.4800000000032,,1632062540.9886136,BTC-USD,Gemini
47618.33,14.220000000001164,,1632062603.3136463,BTC-USD,Gemini
47628.555,0.0099999999947613,,1632062665.6469967,BTC-USD,Gemini
47617.42,8.839999999996508,,1632062727.926541,BTC-USD,Gemini
47647.86,10.75999999999476,,1632062790.2204866,BTC-USD,Gemini
47662.315,0.0100000000020372,,1632062852.3949668,BTC-USD,Gemini
47653.8,4.459999999999127,,1632062914.632312,BTC-USD,Gemini
47648.3,11.5,,1632062976.834942,BTC-USD,Gemini
47677.37,6.879999999997381,,1632063039.0022576,BTC-USD,Gemini
47698.005000000005,0.0100000000020372,,1632063101.2735598,BTC-USD,Gemini
47677.225,0.3099999999976717,,1632063163.7241375,BTC-USD,Gemini
47624.125,1.7100000000064028,,1632063225.8979137,BTC-USD,Gemini
47614.165,6.309999999997672,,1632063288.7266817,BTC-USD,Gemini
47620.295,0.0100000000020372,,1632063350.9604118,BTC-USD,Gemini
47637.795,3.3300000000017462,,1632063413.2355187,BTC-USD,Gemini
47636.135,0.0100000000020372,,1632063476.0840747,BTC-USD,Gemini
47629.775,5.830000000001746,,1632063539.0167456,BTC-USD,Gemini
47602.62,1.139999999999418,,1632063601.5396729,BTC-USD,Gemini
47612.325,2.3299999999944703,,1632063664.3370943,BTC-USD,Gemini
47641.305,0.5299999999988358,,1632063726.5750098,BTC-USD,Gemini
47641.195,0.0099999999947613,,1632063788.8166423,BTC-USD,Gemini
47646.15,1.5,,1632063851.0443292,BTC-USD,Gemini
47651.005000000005,6.590000000003784,,1632063913.4332166,BTC-USD,Gemini
47693.065,4.110000000000582,,1632063975.8409832,BTC-USD,Gemini
47700.675,3.0499999999956344,,1632064038.0831115,BTC-USD,Gemini
47663.67,3.180000000000291,,1632064100.5113924,BTC-USD,Gemini
47656.615,1.809999999997672,,1632064163.4666753,BTC-USD,Gemini
47635.605,3.769999999996799,,1632064225.921734,BTC-USD,Gemini
47637.94,3.959999999999127,,1632064288.2455626,BTC-USD,Gemini
47621.115,1.1699999999982538,,1632064350.7442188,BTC-USD,Gemini
47612.035,1.8700000000026196,,1632064413.015998,BTC-USD,Gemini
47581.235,1.25,,1632064475.3502665,BTC-USD,Gemini
47613.130000000005,1.3400000000037835,,1632064538.1202426,BTC-USD,Gemini
47682.34,11.159999999996217,,1632064600.4619863,BTC-USD,Gemini
47667.59,6.299999999995634,,1632064662.9787712,BTC-USD,Gemini
47675.515,7.270000000004074,,1632064725.7831335,BTC-USD,Gemini
47659.355,0.0100000000020372,,1632064788.2468357,BTC-USD,Gemini
47697.945,11.330000000001746,,1632064850.4782908,BTC-USD,Gemini
47696.67,5.720000000001164,,1632064912.7441618,BTC-USD,Gemini
47678.205,4.970000000001164,,1632064975.4992118,BTC-USD,Gemini
47680.625,0.0099999999947613,,1632065037.704779,BTC-USD,Gemini
47655.52,0.3400000000037835,,1632065100.0357704,BTC-USD,Gemini
47688.715,2.5499999999956344,,1632065162.5550845,BTC-USD,Gemini
47689.985,0.0099999999947613,,1632065225.2489371,BTC-USD,Gemini
47687.005000000005,0.0100000000020372,,1632065287.534498,BTC-USD,Gemini
47676.065,7.470000000001164,,1632065349.9316611,BTC-USD,Gemini
47675.61,5.6600000000034925,,1632065412.2820373,BTC-USD,Gemini
47679.715,9.430000000000293,,1632065474.8403935,BTC-USD,Gemini
47672.785,0.0100000000020372,,1632065537.440642,BTC-USD,Gemini
47650.19,0.3600000000005821,,1632065599.767091,BTC-USD,Gemini
47649.365000000005,0.0100000000020372,,1632065662.3105435,BTC-USD,Gemini
47642.81,3.220000000001164,,1632065724.5211766,BTC-USD,Gemini
47674.22,1.6199999999953434,,1632065786.7321784,BTC-USD,Gemini
47689.985,0.0099999999947613,,1632065849.3832717,BTC-USD,Gemini
47708.385,0.0100000000020372,,1632065911.8135405,BTC-USD,Gemini
47746.635,4.430000000000291,,1632065974.1809652,BTC-USD,Gemini
47750.965,0.0100000000020372,,1632066036.9533012,BTC-USD,Gemini
47749.395,3.150000000001455,,1632066099.300309,BTC-USD,Gemini
47759.915,4.7299999999959255,,1632066161.715806,BTC-USD,Gemini
47739.02,4.799999999995634,,1632066223.9907126,BTC-USD,Gemini
47723.305,0.0099999999947613,,1632066286.2497904,BTC-USD,Gemini
47743.94,11.62000000000262,,1632066348.521752,BTC-USD,Gemini
47742.67,1.1200000000026191,,1632066411.367705,BTC-USD,Gemini
47742.115000000005,0.0100000000020372,,1632066474.1047933,BTC-USD,Gemini
47723.305,0.0099999999947613,,1632066536.8057082,BTC-USD,Gemini
47703.635,4.349999999998545,,1632066599.1724002,BTC-USD,Gemini
47705.355,1.4500000000043656,,1632066661.504971,BTC-USD,Gemini
47701.645,5.230000000003201,,1632066724.451891,BTC-USD,Gemini
47724.565,3.389999999999418,,1632066786.7205904,BTC-USD,Gemini
47741.7,0.7399999999979627,,1632066849.4282634,BTC-USD,Gemini
47743.545,0.0100000000020372,,1632066911.7763946,BTC-USD,Gemini
47749.205,4.790000000000873,,1632066974.2028732,BTC-USD,Gemini
47712.185,0.3700000000026193,,1632067037.3561134,BTC-USD,Gemini
47694.41499999999,5.930000000000291,,1632067099.9420326,BTC-USD,Gemini
47695.455,0.5299999999988358,,1632067162.3004029,BTC-USD,Gemini
47660.755,8.75,,1632067225.8112388,BTC-USD,Gemini
47700.16,7.359999999993306,,1632067288.1661751,BTC-USD,Gemini
47667.535,0.0100000000020372,,1632067350.5136597,BTC-USD,Gemini
47642.105,0.0100000000020372,,1632067413.1711068,BTC-USD,Gemini
47651.435,8.37000000000262,,1632067475.5551822,BTC-USD,Gemini
47539.630000000005,14.680000000000293,,1632067538.6372905,BTC-USD,Gemini
47584.02,5.219999999993888,,1632067601.6113248,BTC-USD,Gemini
47588.725000000006,2.87000000000262,,1632067664.318446,BTC-USD,Gemini
47607.715,1.4099999999962165,,1632067726.615415,BTC-USD,Gemini
47624.56,3.459999999999127,,1632067788.85942,BTC-USD,Gemini
47647.675,0.9899999999979628,,1632067851.1389372,BTC-USD,Gemini
47673.91499999999,0.1500000000014552,,1632067913.4923546,BTC-USD,Gemini
47682.425,0.0100000000020372,,1632067975.824898,BTC-USD,Gemini
47691.81,1.5599999999976717,,1632068038.2662876,BTC-USD,Gemini
47676.9,3.6200000000026193,,1632068101.375403,BTC-USD,Gemini
47679.535,6.209999999999127,,1632068164.1826591,BTC-USD,Gemini
47689.9,5.69999999999709,,1632068226.544036,BTC-USD,Gemini
47692.915,0.0099999999947613,,1632068289.6591146,BTC-USD,Gemini
47721.705,0.430000000000291,,1632068352.0223467,BTC-USD,Gemini
47709.555,0.5899999999965075,,1632068414.3151655,BTC-USD,Gemini
47731.005000000005,0.0100000000020372,,1632068476.9329257,BTC-USD,Gemini
47731.895,1.7900000000008731,,1632068539.438302,BTC-USD,Gemini
47731.005000000005,0.0100000000020372,,1632068601.9979548,BTC-USD,Gemini
47686.76,1.2200000000011642,,1632068664.2861943,BTC-USD,Gemini
47656.125,3.25,,1632068726.6655378,BTC-USD,Gemini
47631.97,2.4400000000023283,,1632068788.9881418,BTC-USD,Gemini
47633.245,0.0100000000020372,,1632068851.2983742,BTC-USD,Gemini
47637.045,2.2300000000032014,,1632068913.5130942,BTC-USD,Gemini
47635.425,0.0100000000020372,,1632068976.596084,BTC-USD,Gemini
47642.61,2.5200000000040745,,1632069039.2277243,BTC-USD,Gemini
47641.495,0.0100000000020372,,1632069101.572927,BTC-USD,Gemini
47640.16,5.92000000000553,,1632069164.2638097,BTC-USD,Gemini
47641.515,0.0099999999947613,,1632069228.3345957,BTC-USD,Gemini
47644.285,0.0100000000020372,,1632069290.5530484,BTC-USD,Gemini
47648.795,1.930000000000291,,1632069353.0812335,BTC-USD,Gemini
47679.625,4.2700000000040745,,1632069415.7041414,BTC-USD,Gemini
47686.89,6.5200000000040745,,1632069477.968941,BTC-USD,Gemini
47690.145,0.0100000000020372,,1632069540.888083,BTC-USD,Gemini
47714.5,8.660000000003492,,1632069603.8178074,BTC-USD,Gemini
47706.03999999999,2.900000000001455,,1632069666.257897,BTC-USD,Gemini
47662.545,0.8700000000026193,,1632069728.870412,BTC-USD,Gemini
47642.465,0.0100000000020372,,1632069791.1787512,BTC-USD,Gemini
47606.79,6.279999999998836,,1632069853.627861,BTC-USD,Gemini
47564.445,7.089999999996508,,1632069915.9608908,BTC-USD,Gemini
47574.86,10.959999999999129,,1632069978.35669,BTC-USD,Gemini
47598.215,10.17000000000553,,1632070040.6665936,BTC-USD,Gemini
47589.33,1.5599999999976717,,1632070103.1371894,BTC-USD,Gemini
47604.835,2.6699999999982538,,1632070165.4129791,BTC-USD,Gemini
47600.35,1.0599999999976717,,1632070227.7845445,BTC-USD,Gemini
47610.305,0.0099999999947613,,1632070290.7721963,BTC-USD,Gemini
47621.005000000005,0.0100000000020372,,1632070353.8900232,BTC-USD,Gemini
47627.955,4.970000000001164,,1632070416.2390585,BTC-USD,Gemini
47584.225,2.25,,1632070478.8285928,BTC-USD,Gemini
47581.805,3.110000000000582,,1632070541.2086804,BTC-USD,Gemini
47549.995,0.0100000000020372,,1632070603.5491536,BTC-USD,Gemini
47570.59,5.599999999998545,,1632070666.4070442,BTC-USD,Gemini
47568.17,2.4800000000032014,,1632070728.8649278,BTC-USD,Gemini
47561.82,4.259999999994761,,1632070791.3924117,BTC-USD,Gemini
47578.815,0.0100000000020372,,1632070853.7466323,BTC-USD,Gemini
47585.955,5.849999999998545,,1632070916.1951275,BTC-USD,Gemini
47588.875,0.0099999999947613,,1632070979.426089,BTC-USD,Gemini
47596.58,6.260000000002037,,1632071042.110386,BTC-USD,Gemini
47590.96,10.19999999999709,,1632071104.5930088,BTC-USD,Gemini
47628.465,6.430000000000291,,1632071166.9821875,BTC-USD,Gemini
47624.915,5.470000000001164,,1632071229.5899684,BTC-USD,Gemini
47630.045,5.069999999999709,,1632071292.0039406,BTC-USD,Gemini
47626.595,5.930000000000291,,1632071354.348129,BTC-USD,Gemini
47655.89,1.8999999999941792,,1632071416.7191184,BTC-USD,Gemini
47632.27,12.739999999997965,,1632071479.22026,BTC-USD,Gemini
47576.205,0.9700000000011642,,1632071541.6254582,BTC-USD,Gemini
47610.24,5.19999999999709,,1632071604.061808,BTC-USD,Gemini
47582.715,1.0900000000037835,,1632071666.7299876,BTC-USD,Gemini
47577.100000000006,6.540000000000873,,1632071728.9951415,BTC-USD,Gemini
47578.515,1.6499999999941792,,1632071791.3850195,BTC-USD,Gemini
47625.855,0.0100000000020372,,1632071854.1321692,BTC-USD,Gemini
47643.195,13.369999999995343,,1632071916.9087083,BTC-USD,Gemini
47636.19500000001,12.430000000000293,,1632071979.7908745,BTC-USD,Gemini
47638.37,7.739999999997963,,1632072042.3648849,BTC-USD,Gemini
47636.145,8.110000000000582,,1632072105.230091,BTC-USD,Gemini
47635.585,10.50999999999476,,1632072167.692948,BTC-USD,Gemini
47633.83,12.580000000001746,,1632072230.9352462,BTC-USD,Gemini
47637.65,12.339999999996508,,1632072293.3080542,BTC-USD,Gemini
47636.915,4.809999999997672,,1632072355.778599,BTC-USD,Gemini
47515.5,1.0,,1632060485.4448493,BTC-USD,FTX
47476.5,1.0,,1632060547.6864638,BTC-USD,FTX
47471.5,1.0,,1632060609.8545008,BTC-USD,FTX
47421.5,1.0,,1632060671.9668376,BTC-USD,FTX
47509.5,1.0,,1632060734.133875,BTC-USD,FTX
47506.5,1.0,,1632060796.290438,BTC-USD,FTX
47547.5,1.0,,1632060858.5265155,BTC-USD,FTX
47503.5,1.0,,1632060921.361923,BTC-USD,FTX
47536.5,1.0,,1632060983.5345538,BTC-USD,FTX
47565.5,1.0,,1632061045.6963596,BTC-USD,FTX
47556.5,1.0,,1632061107.921752,BTC-USD,FTX
47543.5,1.0,,1632061170.1504729,BTC-USD,FTX
47525.5,1.0,,1632061233.0947876,BTC-USD,FTX
47506.5,1.0,,1632061295.26661,BTC-USD,FTX
47542.5,1.0,,1632061357.434877,BTC-USD,FTX
47530.5,1.0,,1632061419.6024752,BTC-USD,FTX
47528.5,1.0,,1632061481.774484,BTC-USD,FTX
47533.5,1.0,,1632061543.8784862,BTC-USD,FTX
47508.5,1.0,,1632061606.2704897,BTC-USD,FTX
47506.5,1.0,,1632061668.778793,BTC-USD,FTX
47485.5,1.0,,1632061730.946608,BTC-USD,FTX
47467.5,1.0,,1632061793.2824893,BTC-USD,FTX
47494.5,1.0,,1632061856.0624194,BTC-USD,FTX
47495.5,1.0,,1632061918.182479,BTC-USD,FTX
47485.5,1.0,,1632061980.2883909,BTC-USD,FTX
47502.5,1.0,,1632062042.7225678,BTC-USD,FTX
47486.5,1.0,,1632062105.022555,BTC-USD,FTX
47499.5,1.0,,1632062167.2949748,BTC-USD,FTX
47507.5,1.0,,1632062229.4745672,BTC-USD,FTX
47488.5,1.0,,1632062291.8064916,BTC-USD,FTX
47493.5,1.0,,1632062354.143861,BTC-USD,FTX
47499.5,1.0,,1632062416.3699677,BTC-USD,FTX
47511.5,1.0,,1632062478.6464677,BTC-USD,FTX
47574.5,1.0,,1632062540.8664756,BTC-USD,FTX
47625.5,1.0,,1632062603.1226983,BTC-USD,FTX
47613.5,1.0,,1632062665.4078743,BTC-USD,FTX
47616.5,1.0,,1632062727.8544862,BTC-USD,FTX
47643.5,1.0,,1632062790.1227903,BTC-USD,FTX
47656.5,1.0,,1632062852.3068998,BTC-USD,FTX
47652.5,1.0,,1632062914.5504687,BTC-USD,FTX
47644.5,1.0,,1632062976.7476883,BTC-USD,FTX
47680.5,1.0,,1632063038.921692,BTC-USD,FTX
47693.5,1.0,,1632063101.0825565,BTC-USD,FTX
47668.5,1.0,,1632063163.6465046,BTC-USD,FTX
47622.5,3.0,,1632063225.8106184,BTC-USD,FTX
47611.5,1.0,,1632063288.6544745,BTC-USD,FTX
47617.5,1.0,,1632063350.8741927,BTC-USD,FTX
47631.5,1.0,,1632063413.1586502,BTC-USD,FTX
47627.5,1.0,,1632063475.9944968,BTC-USD,FTX
47624.5,1.0,,1632063538.9201405,BTC-USD,FTX
47598.5,1.0,,1632063601.382476,BTC-USD,FTX
47596.5,1.0,,1632063664.2424817,BTC-USD,FTX
47617.5,1.0,,1632063726.518443,BTC-USD,FTX
47623.5,1.0,,1632063788.7425182,BTC-USD,FTX
47642.5,1.0,,1632063850.961257,BTC-USD,FTX
47638.5,1.0,,1632063913.2599833,BTC-USD,FTX
47683.5,1.0,,1632063975.7419894,BTC-USD,FTX
47689.5,1.0,,1632064037.9669774,BTC-USD,FTX
47658.5,1.0,,1632064100.430832,BTC-USD,FTX
47645.5,1.0,,1632064163.3651392,BTC-USD,FTX
47631.5,1.0,,1632064225.819104,BTC-USD,FTX
47630.5,1.0,,1632064288.1584766,BTC-USD,FTX
47614.5,1.0,,1632064350.662597,BTC-USD,FTX
47603.5,1.0,,1632064412.9424703,BTC-USD,FTX
47567.5,1.0,,1632064475.2556162,BTC-USD,FTX
47604.5,1.0,,1632064538.0292284,BTC-USD,FTX
47684.5,1.0,,1632064600.350486,BTC-USD,FTX
47660.5,1.0,,1632064662.874603,BTC-USD,FTX
47676.5,1.0,,1632064725.666227,BTC-USD,FTX
47665.5,1.0,,1632064788.1735237,BTC-USD,FTX
47694.5,1.0,,1632064850.3879802,BTC-USD,FTX
47713.0,6.0,,1632064912.667715,BTC-USD,FTX
47674.5,1.0,,1632064975.3985023,BTC-USD,FTX
47666.5,1.0,,1632065037.6185188,BTC-USD,FTX
47647.5,1.0,,1632065099.9060948,BTC-USD,FTX
47686.5,1.0,,1632065162.4516706,BTC-USD,FTX
47687.5,1.0,,1632065225.0706646,BTC-USD,FTX
47673.5,1.0,,1632065287.4504657,BTC-USD,FTX
47668.5,1.0,,1632065349.8704674,BTC-USD,FTX
47666.5,1.0,,1632065412.192029,BTC-USD,FTX
47672.5,1.0,,1632065474.757088,BTC-USD,FTX
47659.5,1.0,,1632065537.3704414,BTC-USD,FTX
47636.5,1.0,,1632065599.6827846,BTC-USD,FTX
47629.5,1.0,,1632065662.141293,BTC-USD,FTX
47630.5,1.0,,1632065724.4533124,BTC-USD,FTX
47662.5,1.0,,1632065786.654843,BTC-USD,FTX
47688.5,1.0,,1632065849.2017665,BTC-USD,FTX
47713.5,1.0,,1632065911.7304711,BTC-USD,FTX
47742.5,1.0,,1632065974.010616,BTC-USD,FTX
47746.5,1.0,,1632066036.839188,BTC-USD,FTX
47750.5,1.0,,1632066099.1224751,BTC-USD,FTX
47752.5,1.0,,1632066161.6304746,BTC-USD,FTX
47734.5,1.0,,1632066223.9144776,BTC-USD,FTX
47705.5,1.0,,1632066286.1267755,BTC-USD,FTX
47742.5,1.0,,1632066348.4228115,BTC-USD,FTX
47729.5,1.0,,1632066411.2831423,BTC-USD,FTX
47724.5,1.0,,1632066474.0139298,BTC-USD,FTX
47703.5,1.0,,1632066536.7185085,BTC-USD,FTX
47698.5,1.0,,1632066599.0721776,BTC-USD,FTX
47696.5,1.0,,1632066661.4145553,BTC-USD,FTX
47696.5,1.0,,1632066724.3624878,BTC-USD,FTX
47719.5,1.0,,1632066786.6425257,BTC-USD,FTX
47732.5,1.0,,1632066849.3139262,BTC-USD,FTX
47729.5,1.0,,1632066911.703982,BTC-USD,FTX
47740.5,1.0,,1632066974.122475,BTC-USD,FTX
47701.5,1.0,,1632067037.278558,BTC-USD,FTX
47691.5,1.0,,1632067099.8385055,BTC-USD,FTX
47681.5,1.0,,1632067162.1944623,BTC-USD,FTX
47653.5,1.0,,1632067225.742797,BTC-USD,FTX
47692.5,1.0,,1632067288.0471964,BTC-USD,FTX
47683.0,12.0,,1632067350.4291472,BTC-USD,FTX
47644.5,1.0,,1632067413.030653,BTC-USD,FTX
47644.5,1.0,,1632067475.4788067,BTC-USD,FTX
47528.5,1.0,,1632067538.4491944,BTC-USD,FTX
47575.5,1.0,,1632067601.386474,BTC-USD,FTX
47565.5,1.0,,1632067664.220044,BTC-USD,FTX
47602.5,1.0,,1632067726.5408194,BTC-USD,FTX
47607.5,1.0,,1632067788.7705798,BTC-USD,FTX
47641.5,1.0,,1632067851.0639324,BTC-USD,FTX
47665.5,1.0,,1632067913.4024742,BTC-USD,FTX
47671.5,1.0,,1632067975.6745036,BTC-USD,FTX
47682.5,1.0,,1632068038.1947968,BTC-USD,FTX
47665.5,1.0,,1632068101.2984877,BTC-USD,FTX
47676.5,1.0,,1632068164.1145,BTC-USD,FTX
47687.5,1.0,,1632068226.4519236,BTC-USD,FTX
47698.5,1.0,,1632068289.594847,BTC-USD,FTX
47705.5,1.0,,1632068351.9175944,BTC-USD,FTX
47695.5,1.0,,1632068414.226631,BTC-USD,FTX
47716.5,1.0,,1632068476.8028023,BTC-USD,FTX
47716.5,1.0,,1632068539.365389,BTC-USD,FTX
47711.5,1.0,,1632068601.9277053,BTC-USD,FTX
47682.5,1.0,,1632068664.204305,BTC-USD,FTX
47646.5,1.0,,1632068726.564505,BTC-USD,FTX
47626.5,1.0,,1632068788.8784635,BTC-USD,FTX
47639.5,1.0,,1632068851.2244608,BTC-USD,FTX
47629.5,1.0,,1632068913.4386292,BTC-USD,FTX
47620.5,1.0,,1632068976.4961362,BTC-USD,FTX
47633.5,1.0,,1632069039.1144712,BTC-USD,FTX
47638.5,1.0,,1632069101.4465814,BTC-USD,FTX
47640.5,1.0,,1632069164.17654,BTC-USD,FTX
47635.5,1.0,,1632069228.2433286,BTC-USD,FTX
47635.5,1.0,,1632069290.4722877,BTC-USD,FTX
47642.5,1.0,,1632069352.9749632,BTC-USD,FTX
47674.5,1.0,,1632069415.6025498,BTC-USD,FTX
47686.5,1.0,,1632069477.880031,BTC-USD,FTX
47689.5,1.0,,1632069540.8265612,BTC-USD,FTX
47707.5,1.0,,1632069603.6668086,BTC-USD,FTX
47697.5,1.0,,1632069666.174474,BTC-USD,FTX
47660.5,1.0,,1632069728.781604,BTC-USD,FTX
47632.5,1.0,,1632069791.096045,BTC-USD,FTX
47600.5,1.0,,1632069853.5504706,BTC-USD,FTX
47558.5,1.0,,1632069915.8791697,BTC-USD,FTX
47569.5,1.0,,1632069978.2738051,BTC-USD,FTX
47592.5,1.0,,1632070040.5272985,BTC-USD,FTX
47580.5,1.0,,1632070102.9518604,BTC-USD,FTX
47598.5,1.0,,1632070165.3424754,BTC-USD,FTX
47591.5,1.0,,1632070227.6815865,BTC-USD,FTX
47613.5,1.0,,1632070290.682482,BTC-USD,FTX
47615.5,1.0,,1632070353.8065464,BTC-USD,FTX
47624.5,1.0,,1632070416.1424806,BTC-USD,FTX
47576.5,1.0,,1632070478.642495,BTC-USD,FTX
47574.5,1.0,,1632070541.0908103,BTC-USD,FTX
47563.5,1.0,,1632070603.48281,BTC-USD,FTX
47565.5,1.0,,1632070666.3265688,BTC-USD,FTX
47561.5,1.0,,1632070728.7708032,BTC-USD,FTX
47556.5,1.0,,1632070791.2722893,BTC-USD,FTX
47578.5,1.0,,1632070853.6681988,BTC-USD,FTX
47584.5,1.0,,1632070916.116796,BTC-USD,FTX
47593.5,1.0,,1632070979.3505702,BTC-USD,FTX
47595.5,1.0,,1632071042.0224729,BTC-USD,FTX
47593.5,1.0,,1632071104.4668057,BTC-USD,FTX
47622.5,1.0,,1632071166.916482,BTC-USD,FTX
47618.5,1.0,,1632071229.4185865,BTC-USD,FTX
47630.5,1.0,,1632071291.8643625,BTC-USD,FTX
47626.5,1.0,,1632071354.2546012,BTC-USD,FTX
47655.5,1.0,,1632071416.6346574,BTC-USD,FTX
47635.5,1.0,,1632071479.042464,BTC-USD,FTX
47575.5,1.0,,1632071541.522478,BTC-USD,FTX
47605.5,1.0,,1632071603.9680047,BTC-USD,FTX
47577.5,1.0,,1632071666.636722,BTC-USD,FTX
47570.5,1.0,,1632071728.9160552,BTC-USD,FTX
47570.5,1.0,,1632071791.3188455,BTC-USD,FTX
47621.5,1.0,,1632071854.04014,BTC-USD,FTX
47633.5,1.0,,1632071916.824318,BTC-USD,FTX
47623.5,5.0,,1632071979.7265632,BTC-USD,FTX
47634.5,1.0,,1632072042.2825117,BTC-USD,FTX
47634.5,1.0,,1632072105.1230402,BTC-USD,FTX
47633.5,1.0,,1632072167.626483,BTC-USD,FTX
47630.5,1.0,,1632072230.8576577,BTC-USD,FTX
47638.5,1.0,,1632072293.1374876,BTC-USD,FTX
47635.5,1.0,,1632072355.7053356,BTC-USD,FTX
47514.605,0.0100000000020372,6445.19196847,1632060485.4442437,BTC-USD,Coinbase Pro
47476.955,0.0100000000020372,6525.24021228,1632060547.672944,BTC-USD,Coinbase Pro
47469.985,0.0099999999947613,6528.09920861,1632060609.8425047,BTC-USD,Coinbase Pro
47423.985,0.0099999999947613,6529.86325458,1632060671.9524148,BTC-USD,Coinbase Pro
47500.305,0.0099999999947613,6534.67926933,1632060734.1199696,BTC-USD,Coinbase Pro
47504.58,3.279999999998836,6550.91690212,1632060796.2853577,BTC-USD,Coinbase Pro
47548.165,0.0099999999947613,6568.40433437,1632060858.5123928,BTC-USD,Coinbase Pro
47498.065,0.0100000000020372,6580.3755575,1632060921.3524053,BTC-USD,Coinbase Pro
47536.17,3.660000000003493,6584.77331966,1632060983.5202582,BTC-USD,Coinbase Pro
47566.965,0.0100000000020372,6587.2460811,1632061045.687831,BTC-USD,Coinbase Pro
47554.015,0.0099999999947613,6596.05131725,1632061107.909368,BTC-USD,Coinbase Pro
47542.045,0.0100000000020372,6599.23726168,1632061170.135965,BTC-USD,Coinbase Pro
47524.485,0.0099999999947613,6602.56697912,1632061233.0809703,BTC-USD,Coinbase Pro
47506.625,0.0099999999947613,6604.63324761,1632061295.2578137,BTC-USD,Coinbase Pro
47542.305,0.0099999999947613,6617.66067684,1632061357.426505,BTC-USD,Coinbase Pro
47531.955,0.0100000000020372,6619.53033977,1632061419.5893972,BTC-USD,Coinbase Pro
47528.515,0.0099999999947613,6623.04309644,1632061481.7595649,BTC-USD,Coinbase Pro
47529.325,0.0100000000020372,6623.58809564,1632061543.870471,BTC-USD,Coinbase Pro
47506.695,0.0099999999947613,6627.62463099,1632061606.2639484,BTC-USD,Coinbase Pro
47508.055,0.0099999999947613,6629.29732326,1632061668.767863,BTC-USD,Coinbase Pro
47489.73,2.12000000000262,6630.13417899,1632061730.9333212,BTC-USD,Coinbase Pro
47467.755000000005,0.0100000000020372,6641.52241426,1632061793.2746549,BTC-USD,Coinbase Pro
47494.755000000005,0.0100000000020372,6644.57289249,1632061856.0556042,BTC-USD,Coinbase Pro
47495.975000000006,0.0100000000020372,6646.45463022,1632061918.1706083,BTC-USD,Coinbase Pro
47489.685,0.0100000000020372,6647.0139092,1632061980.282618,BTC-USD,Coinbase Pro
47502.485,0.0099999999947613,6648.75518934,1632062042.7094204,BTC-USD,Coinbase Pro
47484.315,0.0100000000020372,6654.73618423,1632062105.010481,BTC-USD,Coinbase Pro
47497.955,0.0100000000020372,6657.71950288,1632062167.2906651,BTC-USD,Coinbase Pro
47508.085,0.0099999999947613,6659.68579886,1632062229.458574,BTC-USD,Coinbase Pro
47491.495,0.0699999999997089,6660.70764626,1632062291.7918816,BTC-USD,Coinbase Pro
47496.205,0.0100000000020372,6665.27056563,1632062354.130927,BTC-USD,Coinbase Pro
47500.145,0.0100000000020372,6667.77272884,1632062416.354627,BTC-USD,Coinbase Pro
47515.735,0.0099999999947613,6675.57510399,1632062478.6298969,BTC-USD,Coinbase Pro
47579.145,0.0100000000020372,6680.18540088,1632062540.858468,BTC-USD,Coinbase Pro
47628.52,6.980000000003201,6713.64663887,1632062603.114524,BTC-USD,Coinbase Pro
47619.145,2.5100000000020373,6721.96819158,1632062665.394552,BTC-USD,Coinbase Pro
47625.685,0.0100000000020372,6731.17438516,1632062727.8398714,BTC-USD,Coinbase Pro
47654.655,0.0100000000020372,6736.14602113,1632062790.1176634,BTC-USD,Coinbase Pro
47666.845,0.0100000000020372,6750.57910644,1632062852.2961798,BTC-USD,Coinbase Pro
47654.665,0.0099999999947613,6752.33745402,1632062914.535592,BTC-USD,Coinbase Pro
47654.275,0.0100000000020372,6759.57724865,1632062976.7385528,BTC-USD,Coinbase Pro
47686.17,0.0199999999967985,6766.34090475,1632063038.90164,BTC-USD,Coinbase Pro
47700.575,0.0100000000020372,6772.69469918,1632063101.0695195,BTC-USD,Coinbase Pro
47675.365000000005,0.0100000000020372,6786.73334817,1632063163.6357205,BTC-USD,Coinbase Pro
47634.88,2.9199999999982538,6791.6818644,1632063225.8026311,BTC-USD,Coinbase Pro
47612.96,1.7599999999947613,6802.35756755,1632063288.642568,BTC-USD,Coinbase Pro
47618.475000000006,1.8700000000026196,6815.93998563,1632063350.864518,BTC-USD,Coinbase Pro
47640.085,0.0099999999947613,6822.81373867,1632063413.1415043,BTC-USD,Coinbase Pro
47636.915,0.0099999999947613,6827.78783438,1632063475.9840355,BTC-USD,Coinbase Pro
47632.465,0.0100000000020372,6829.57680666,1632063538.91471,BTC-USD,Coinbase Pro
47600.005000000005,0.0100000000020372,6840.68870885,1632063601.3705168,BTC-USD,Coinbase Pro
47609.995,0.0100000000020372,6544.64136304,1632063664.226622,BTC-USD,Coinbase Pro
47626.755000000005,0.0100000000020372,6551.40902372,1632063726.501416,BTC-USD,Coinbase Pro
47633.48,0.6200000000026193,6557.86101368,1632063788.730804,BTC-USD,Coinbase Pro
47655.005000000005,0.0100000000020372,6567.39704145,1632063850.9521055,BTC-USD,Coinbase Pro
47654.935,0.0100000000020372,6568.05681309,1632063913.2469418,BTC-USD,Coinbase Pro
47694.835,0.0099999999947613,6575.22099085,1632063975.7385185,BTC-USD,Coinbase Pro
47707.015,0.0099999999947613,6576.96757631,1632064037.9601803,BTC-USD,Coinbase Pro
47669.08,2.8000000000029104,6589.04813658,1632064100.4161758,BTC-USD,Coinbase Pro
47655.08500000001,0.2900000000008731,6590.9064782,1632064163.3598957,BTC-USD,Coinbase Pro
47634.105,0.0100000000020372,6594.90740834,1632064225.8120842,BTC-USD,Coinbase Pro
47635.17,0.3000000000029104,6596.35886498,1632064288.1440735,BTC-USD,Coinbase Pro
47611.535,0.0100000000020372,6604.10241572,1632064350.6476092,BTC-USD,Coinbase Pro
47605.115000000005,0.0100000000020372,6606.22866675,1632064412.9282286,BTC-USD,Coinbase Pro
47573.245,0.0100000000020372,6612.87724812,1632064475.252181,BTC-USD,Coinbase Pro
47615.845,0.0100000000020372,6622.90235925,1632064538.0265045,BTC-USD,Coinbase Pro
47671.105,5.189999999995052,6633.51519581,1632064600.3389506,BTC-USD,Coinbase Pro
47662.615000000005,5.230000000003201,6635.1832171,1632064662.861626,BTC-USD,Coinbase Pro
47678.08,5.419999999998254,6635.94056344,1632064725.6458204,BTC-USD,Coinbase Pro
47673.555,0.0099999999947613,6638.19427967,1632064788.1585505,BTC-USD,Coinbase Pro
47701.315,0.0100000000020372,6642.81036585,1632064850.3769577,BTC-USD,Coinbase Pro
47695.085,0.0099999999947613,6649.30622738,1632064912.653622,BTC-USD,Coinbase Pro
47678.405,4.25,6655.27612002,1632064975.3833206,BTC-USD,Coinbase Pro
47670.215,0.0100000000020372,6658.83927145,1632065037.6105063,BTC-USD,Coinbase Pro
47652.675,0.0100000000020372,6663.61825901,1632065099.887981,BTC-USD,Coinbase Pro
47695.435,0.0100000000020372,6666.04753084,1632065162.44035,BTC-USD,Coinbase Pro
47689.565,0.0100000000020372,6666.94230849,1632065225.0611217,BTC-USD,Coinbase Pro
47677.12,5.840000000003784,6668.16802575,1632065287.436242,BTC-USD,Coinbase Pro
47669.935,0.0100000000020372,6670.88270816,1632065349.8453934,BTC-USD,Coinbase Pro
47668.675,0.0100000000020372,6672.33369955,1632065412.1866558,BTC-USD,Coinbase Pro
47675.915,0.0099999999947613,6675.76788195,1632065474.744142,BTC-USD,Coinbase Pro
47660.125,0.0099999999947613,6680.12812227,1632065537.360432,BTC-USD,Coinbase Pro
47636.845,0.0100000000020372,6686.82309297,1632065599.6705928,BTC-USD,Coinbase Pro
47639.615000000005,0.0100000000020372,6688.51633341,1632065662.1241536,BTC-USD,Coinbase Pro
47639.635,0.0100000000020372,6689.668685,1632065724.4435833,BTC-USD,Coinbase Pro
47672.225000000006,0.0100000000020372,6692.75940285,1632065786.6464753,BTC-USD,Coinbase Pro
47693.905,0.0100000000020372,6699.05951748,1632065849.1997886,BTC-USD,Coinbase Pro
47717.465,0.0100000000020372,6700.90315171,1632065911.7164624,BTC-USD,Coinbase Pro
47748.765,0.0099999999947613,6705.14223198,1632065973.998592,BTC-USD,Coinbase Pro
47757.41499999999,2.930000000000291,6708.81673168,1632066036.831915,BTC-USD,Coinbase Pro
47755.255000000005,2.790000000000873,6712.31395863,1632066099.1114078,BTC-USD,Coinbase Pro
47757.825,0.0100000000020372,6713.45941145,1632066161.6160812,BTC-USD,Coinbase Pro
47734.435,0.0100000000020372,6720.04911751,1632066223.8959017,BTC-USD,Coinbase Pro
47716.305,0.0099999999947613,6726.12215961,1632066286.1226788,BTC-USD,Coinbase Pro
47742.365000000005,0.0100000000020372,6731.33831589,1632066348.3999102,BTC-USD,Coinbase Pro
47734.115000000005,0.0100000000020372,6732.03040448,1632066411.2788925,BTC-USD,Coinbase Pro
47730.945,0.0099999999947613,6734.02546526,1632066474.002931,BTC-USD,Coinbase Pro
47706.195,0.0099999999947613,6735.0196208,1632066536.705934,BTC-USD,Coinbase Pro
47700.005000000005,0.0100000000020372,6739.80655626,1632066599.0666332,BTC-USD,Coinbase Pro
47700.005000000005,0.0100000000020372,6742.79397426,1632066661.401842,BTC-USD,Coinbase Pro
47700.005000000005,0.0100000000020372,6743.77143487,1632066724.3549242,BTC-USD,Coinbase Pro
47726.075,0.0100000000020372,6745.02558247,1632066786.6317806,BTC-USD,Coinbase Pro
47734.065,0.0100000000020372,6762.16119301,1632066849.3015664,BTC-USD,Coinbase Pro
47738.195,0.0099999999947613,6773.52116995,1632066911.6986618,BTC-USD,Coinbase Pro
47742.56,1.7999999999956344,6774.82290804,1632066974.1111126,BTC-USD,Coinbase Pro
47705.88,3.9199999999982538,6775.61584123,1632067037.2666545,BTC-USD,Coinbase Pro
47692.845,0.0100000000020372,6812.047086,1632067099.824334,BTC-USD,Coinbase Pro
47685.48,0.9399999999950523,6812.79862829,1632067162.1723728,BTC-USD,Coinbase Pro
47647.82,2.1199999999953434,6815.14284814,1632067225.725516,BTC-USD,Coinbase Pro
47694.275,0.0100000000020372,6521.71982587,1632067288.0398526,BTC-USD,Coinbase Pro
47713.985,0.0099999999947613,6524.0989518,1632067350.4159665,BTC-USD,Coinbase Pro
47643.525,0.0100000000020372,6535.02882797,1632067413.024172,BTC-USD,Coinbase Pro
47647.345,0.0100000000020372,6539.3487763,1632067475.4618418,BTC-USD,Coinbase Pro
47527.295,0.0100000000020372,6540.39079238,1632067538.43624,BTC-USD,Coinbase Pro
47575.945,0.0099999999947613,6564.69721259,1632067601.3675745,BTC-USD,Coinbase Pro
47569.865000000005,0.0100000000020372,6566.86532223,1632067664.2064788,BTC-USD,Coinbase Pro
47603.035,0.0100000000020372,6572.02189605,1632067726.5385368,BTC-USD,Coinbase Pro
47612.145,0.0100000000020372,6572.76730742,1632067788.7679572,BTC-USD,Coinbase Pro
47647.75,1.9600000000064028,6576.34108018,1632067851.050628,BTC-USD,Coinbase Pro
47676.575,0.0100000000020372,6578.77028059,1632067913.3864703,BTC-USD,Coinbase Pro
47673.405,0.0100000000020372,6580.44459593,1632067975.6624858,BTC-USD,Coinbase Pro
47686.605,0.0100000000020372,6581.60590727,1632068038.1826262,BTC-USD,Coinbase Pro
47671.865000000005,0.0100000000020372,6584.36201907,1632068101.2899206,BTC-USD,Coinbase Pro
47674.2,2.4200000000055297,6586.93898463,1632068164.1049626,BTC-USD,Coinbase Pro
47688.915,2.4100000000034925,6588.68040504,1632068226.4403772,BTC-USD,Coinbase Pro
47704.24,1.5599999999976717,6589.44261869,1632068289.569384,BTC-USD,Coinbase Pro
47707.915,0.0099999999947613,6594.74830607,1632068351.898657,BTC-USD,Coinbase Pro
47703.095,0.0100000000020372,6597.94405111,1632068414.21849,BTC-USD,Coinbase Pro
47720.635,0.0100000000020372,6602.47378785,1632068476.792957,BTC-USD,Coinbase Pro
47723.095,0.0100000000020372,6603.93646695,1632068539.3529654,BTC-USD,Coinbase Pro
47721.375,0.0099999999947613,6606.20285933,1632068601.90952,BTC-USD,Coinbase Pro
47684.935,0.0100000000020372,6608.88125793,1632068664.19855,BTC-USD,Coinbase Pro
47650.005000000005,0.0100000000020372,6613.03547343,1632068726.5616426,BTC-USD,Coinbase Pro
47628.065,0.0100000000020372,6619.93820494,1632068788.8659368,BTC-USD,Coinbase Pro
47637.12,2.4199999999982538,6635.32919073,1632068851.219896,BTC-USD,Coinbase Pro
47633.18,3.9799999999959255,6648.10099648,1632068913.4244711,BTC-USD,Coinbase Pro
47621.135,1.2099999999991269,6649.66755495,1632068976.4883635,BTC-USD,Coinbase Pro
47634.865000000005,1.3499999999985448,6653.42465234,1632069039.1066434,BTC-USD,Coinbase Pro
47640.785,0.0100000000020372,6657.18298538,1632069101.43988,BTC-USD,Coinbase Pro
47636.815,0.930000000000291,6661.99167415,1632069164.168219,BTC-USD,Coinbase Pro
47632.845,0.0100000000020372,6662.56063248,1632069228.238186,BTC-USD,Coinbase Pro
47633.935,0.0100000000020372,6663.87690918,1632069290.4645238,BTC-USD,Coinbase Pro
47639.665,1.5099999999947613,6666.47520186,1632069352.9679277,BTC-USD,Coinbase Pro
47680.125,0.0099999999947613,6667.21961502,1632069415.581783,BTC-USD,Coinbase Pro
47693.765,0.0099999999947613,6669.26234125,1632069477.8664834,BTC-USD,Coinbase Pro
47693.455,3.4899999999979627,6669.84867846,1632069540.81559,BTC-USD,Coinbase Pro
47712.215,0.0100000000020372,6672.01987392,1632069603.6557138,BTC-USD,Coinbase Pro
47699.575,2.470000000001164,6673.2029418,1632069666.1602278,BTC-USD,Coinbase Pro
47656.695,0.0099999999947613,6675.04810062,1632069728.7784984,BTC-USD,Coinbase Pro
47628.94,1.7200000000011642,6677.84061011,1632069791.0875375,BTC-USD,Coinbase Pro
47595.72,3.0,6686.84569733,1632069853.533872,BTC-USD,Coinbase Pro
47556.62,4.299999999995634,6693.92282048,1632069915.8719292,BTC-USD,Coinbase Pro
47569.685,0.0100000000020372,6699.33687282,1632069978.2644928,BTC-USD,Coinbase Pro
47591.35,1.139999999999418,6699.96177545,1632070040.5213645,BTC-USD,Coinbase Pro
47582.495,0.0100000000020372,6702.04297707,1632070102.9360795,BTC-USD,Coinbase Pro
47600.895,0.0100000000020372,6705.89267219,1632070165.3277476,BTC-USD,Coinbase Pro
47588.47,1.139999999999418,6706.90247464,1632070227.6759546,BTC-USD,Coinbase Pro
47613.955,0.0699999999997089,6709.21941236,1632070290.6759987,BTC-USD,Coinbase Pro
47619.945,0.0099999999947613,6712.05108371,1632070353.7925656,BTC-USD,Coinbase Pro
47623.865000000005,1.7099999999991269,6713.4130455,1632070416.1276867,BTC-USD,Coinbase Pro
47577.665,0.0099999999947613,6714.65181964,1632070478.634508,BTC-USD,Coinbase Pro
47577.315,5.370000000002619,6718.5134855,1632070541.0784905,BTC-USD,Coinbase Pro
47569.43,0.1199999999953433,6722.98034737,1632070603.471664,BTC-USD,Coinbase Pro
47569.275,0.0100000000020372,6733.07832068,1632070666.316158,BTC-USD,Coinbase Pro
47566.195,2.8699999999953434,6736.61768083,1632070728.7626374,BTC-USD,Coinbase Pro
47562.565,0.0100000000020372,6737.46160961,1632070791.2666242,BTC-USD,Coinbase Pro
47591.78,3.760000000002037,6432.83984041,1632070853.658533,BTC-USD,Coinbase Pro
47589.785,3.030000000006112,6435.00075588,1632070916.104988,BTC-USD,Coinbase Pro
47596.965,0.0100000000020372,6436.01790085,1632070979.3356028,BTC-USD,Coinbase Pro
47596.995,1.75,6436.26151709,1632071042.0075748,BTC-USD,Coinbase Pro
47591.485,0.0099999999947613,6440.23762192,1632071104.4557583,BTC-USD,Coinbase Pro
47623.285,0.0100000000020372,6440.70504744,1632071166.9066262,BTC-USD,Coinbase Pro
47623.34,1.9399999999950523,6441.99253138,1632071229.410473,BTC-USD,Coinbase Pro
47632.73,0.7999999999956344,6443.96910029,1632071291.8579712,BTC-USD,Coinbase Pro
47625.880000000005,1.7999999999956344,6446.45091573,1632071354.2479646,BTC-USD,Coinbase Pro
47654.015,0.0099999999947613,6449.9419667,1632071416.6265037,BTC-USD,Coinbase Pro
47634.07,3.1000000000058208,6451.41840491,1632071479.029484,BTC-USD,Coinbase Pro
47575.15,2.400000000001455,6453.69355988,1632071541.5148892,BTC-USD,Coinbase Pro
47610.085,3.110000000000582,6458.67742791,1632071603.959756,BTC-USD,Coinbase Pro
47580.015,0.0099999999947613,6459.87097838,1632071666.634514,BTC-USD,Coinbase Pro
47574.565,2.610000000000582,6460.70055858,1632071728.911858,BTC-USD,Coinbase Pro
47573.095,0.0100000000020372,6464.81457785,1632071791.301697,BTC-USD,Coinbase Pro
47626.965,0.0100000000020372,6467.41320031,1632071854.0346732,BTC-USD,Coinbase Pro
47644.92,2.9199999999982538,6468.5133321,1632071916.817049,BTC-USD,Coinbase Pro
47631.835,2.3699999999953434,6469.96888259,1632071979.7146215,BTC-USD,Coinbase Pro
47638.605,1.4099999999962165,6472.56161941,1632072042.2720442,BTC-USD,Coinbase Pro
47637.895,0.0100000000020372,6476.94537582,1632072105.1144772,BTC-USD,Coinbase Pro
47636.675,1.889999999999418,6478.49217384,1632072167.6185608,BTC-USD,Coinbase Pro
47634.005000000005,0.0100000000020372,6479.69864244,1632072230.848059,BTC-USD,Coinbase Pro
47640.035,0.0100000000020372,6480.18111076,1632072293.127975,BTC-USD,Coinbase Pro
47637.09,0.4000000000014552,6482.04172306,1632072355.6906943,BTC-USD,Coinbase Pro
47494.5,1.0,2200.72438765,1632060485.443673,BTC-USD,Bitfinex
47496.5,1.0,2204.32446433,1632060547.6663785,BTC-USD,Bitfinex
47491.5,1.0,2204.3948016,1632060609.8357997,BTC-USD,Bitfinex
47464.5,1.0,2204.97428828,1632060671.9469929,BTC-USD,Bitfinex
47540.0,4.0,2213.81507214,1632060734.1144826,BTC-USD,Bitfinex
47500.5,1.0,2214.02595245,1632060796.2824628,BTC-USD,Bitfinex
47545.5,5.0,2214.61517489,1632060858.506473,BTC-USD,Bitfinex
47526.5,1.0,2215.7904202,1632060921.3467638,BTC-USD,Bitfinex
47543.5,1.0,2216.07058209,1632060983.514594,BTC-USD,Bitfinex
47565.5,1.0,2216.52510295,1632061045.6827016,BTC-USD,Bitfinex
47560.5,5.0,2217.89096314,1632061107.9064686,BTC-USD,Bitfinex
47558.5,3.0,2217.94908616,1632061170.1303556,BTC-USD,Bitfinex
47556.5,1.0,2217.95530918,1632061233.0755916,BTC-USD,Bitfinex
47515.5,1.0,2218.79665416,1632061295.251817,BTC-USD,Bitfinex
47578.5,1.0,2227.69532846,1632061357.4198456,BTC-USD,Bitfinex
47540.5,1.0,2227.77744279,1632061419.586438,BTC-USD,Bitfinex
47538.5,1.0,2228.03975504,1632061481.754485,BTC-USD,Bitfinex
47539.5,1.0,2228.1500214,1632061543.8663523,BTC-USD,Bitfinex
47528.5,1.0,2228.32073303,1632061606.2584937,BTC-USD,Bitfinex
47527.5,1.0,2228.36573303,1632061668.762487,BTC-USD,Bitfinex
47505.5,1.0,2228.60306257,1632061730.9304173,BTC-USD,Bitfinex
47494.5,1.0,2228.75304559,1632061793.266734,BTC-USD,Bitfinex
47494.5,1.0,2218.91627084,1632061856.050351,BTC-USD,Bitfinex
47504.5,1.0,2219.04627084,1632061918.1624975,BTC-USD,Bitfinex
47501.5,1.0,2219.11215053,1632061980.27449,BTC-USD,Bitfinex
47501.5,1.0,2219.12715053,1632062042.7063515,BTC-USD,Bitfinex
47500.5,1.0,2219.14752654,1632062105.002494,BTC-USD,Bitfinex
47503.5,1.0,2219.31346048,1632062167.282381,BTC-USD,Bitfinex
47502.5,1.0,2219.31846048,1632062229.450685,BTC-USD,Bitfinex
47495.0,2.0,2219.32898678,1632062291.7866108,BTC-USD,Bitfinex
47503.5,1.0,2219.32898678,1632062354.122418,BTC-USD,Bitfinex
47503.5,1.0,2219.32898678,1632062416.346526,BTC-USD,Bitfinex
47515.5,1.0,2219.50366646,1632062478.626598,BTC-USD,Bitfinex
47560.5,1.0,2221.36255438,1632062540.8505025,BTC-USD,Bitfinex
47626.5,1.0,2233.99499767,1632062603.108024,BTC-USD,Bitfinex
47628.5,1.0,2235.9512983,1632062665.387376,BTC-USD,Bitfinex
47616.5,1.0,2236.53484194,1632062727.8344278,BTC-USD,Bitfinex
47639.5,1.0,2232.59586088,1632062790.1145885,BTC-USD,Bitfinex
47663.5,3.0,2233.12055866,1632062852.29048,BTC-USD,Bitfinex
47681.5,1.0,2233.26453726,1632062914.530368,BTC-USD,Bitfinex
47655.5,3.0,2233.43431908,1632062976.7308242,BTC-USD,Bitfinex
47688.5,1.0,2233.55557731,1632063038.89851,BTC-USD,Bitfinex
47688.5,1.0,2234.91317537,1632063101.0664887,BTC-USD,Bitfinex
47672.5,5.0,2235.49896976,1632063163.6306255,BTC-USD,Bitfinex
47657.5,5.0,2236.246625,1632063225.794484,BTC-USD,Bitfinex
47631.5,1.0,2236.296625,1632063288.6346617,BTC-USD,Bitfinex
47639.5,1.0,2236.62292946,1632063350.858509,BTC-USD,Bitfinex
47637.0,2.0,2239.81262199,1632063413.1384811,BTC-USD,Bitfinex
47637.5,1.0,2239.83047899,1632063475.9783475,BTC-USD,Bitfinex
47619.5,1.0,2243.12344512,1632063538.9066286,BTC-USD,Bitfinex
47612.5,1.0,2243.25763512,1632063601.366158,BTC-USD,Bitfinex
47611.5,1.0,2239.01506177,1632063664.2184994,BTC-USD,Bitfinex
47636.5,1.0,2239.40275673,1632063726.498386,BTC-USD,Bitfinex
47636.5,1.0,2239.41784467,1632063788.7226295,BTC-USD,Bitfinex
47636.5,1.0,2239.43284467,1632063850.9464812,BTC-USD,Bitfinex
47640.5,1.0,2239.96878354,1632063913.2385364,BTC-USD,Bitfinex
47662.5,1.0,2242.41035236,1632063975.7304914,BTC-USD,Bitfinex
47677.5,1.0,2243.33094662,1632064037.9544935,BTC-USD,Bitfinex
47653.5,1.0,2243.71317343,1632064100.413169,BTC-USD,Bitfinex
47655.5,1.0,2244.1527539,1632064163.354471,BTC-USD,Bitfinex
47633.5,1.0,2244.51850658,1632064225.8069358,BTC-USD,Bitfinex
47633.5,1.0,2244.51850658,1632064288.1384952,BTC-USD,Bitfinex
47634.5,1.0,2244.74018159,1632064350.6426578,BTC-USD,Bitfinex
47612.0,2.0,2245.23672397,1632064412.922613,BTC-USD,Bitfinex
47575.5,1.0,2246.48197647,1632064475.2464845,BTC-USD,Bitfinex
47616.5,1.0,2249.31821867,1632064538.0198576,BTC-USD,Bitfinex
47635.5,1.0,2249.69256513,1632064600.3304794,BTC-USD,Bitfinex
47661.5,1.0,2249.98391014,1632064662.8584998,BTC-USD,Bitfinex
47671.5,1.0,2250.06986255,1632064725.6426082,BTC-USD,Bitfinex
47671.5,1.0,2250.21734996,1632064788.1478045,BTC-USD,Bitfinex
47675.5,1.0,2251.63186322,1632064850.3706422,BTC-USD,Bitfinex
47698.5,1.0,2255.7411728,1632064912.650483,BTC-USD,Bitfinex
47672.5,1.0,2256.3551496,1632064975.3796349,BTC-USD,Bitfinex
47675.5,1.0,2256.46242329,1632065037.6035452,BTC-USD,Bitfinex
47664.5,1.0,2257.24826305,1632065099.8840134,BTC-USD,Bitfinex
47678.5,1.0,2257.30076305,1632065162.4344904,BTC-USD,Bitfinex
47690.5,3.0,2257.51278085,1632065225.0590537,BTC-USD,Bitfinex
47678.5,1.0,2257.52294315,1632065287.4307888,BTC-USD,Bitfinex
47678.5,1.0,2257.54984629,1632065349.842296,BTC-USD,Bitfinex
47664.5,1.0,2238.54941453,1632065412.1784785,BTC-USD,Bitfinex
47678.0,2.0,2238.76672126,1632065474.738722,BTC-USD,Bitfinex
47678.5,1.0,2245.37847728,1632065537.3543768,BTC-USD,Bitfinex
47677.5,1.0,2245.49817868,1632065599.6624916,BTC-USD,Bitfinex
47650.5,1.0,2246.22506248,1632065662.1211789,BTC-USD,Bitfinex
47638.5,1.0,2246.57859693,1632065724.4384604,BTC-USD,Bitfinex
47667.0,2.0,2246.9147606,1632065786.6424224,BTC-USD,Bitfinex
47693.0,2.0,2247.25360667,1632065849.1926773,BTC-USD,Bitfinex
47703.5,1.0,2248.54501067,1632065911.7104895,BTC-USD,Bitfinex
47734.5,1.0,2249.65337452,1632065973.9924958,BTC-USD,Bitfinex
47738.5,1.0,2249.92926374,1632066036.8266735,BTC-USD,Bitfinex
47754.5,1.0,2254.10921726,1632066099.106485,BTC-USD,Bitfinex
47754.5,1.0,2254.17057057,1632066161.6103642,BTC-USD,Bitfinex
47756.5,1.0,2254.86898798,1632066223.8907294,BTC-USD,Bitfinex
47729.5,1.0,2255.10346299,1632066286.1144605,BTC-USD,Bitfinex
47739.5,1.0,2212.8748616,1632066348.3946254,BTC-USD,Bitfinex
47741.5,1.0,2213.6920889,1632066411.2709756,BTC-USD,Bitfinex
47732.0,2.0,2214.22460014,1632066473.9943795,BTC-USD,Bitfinex
47710.0,4.0,2214.51393962,1632066536.7027352,BTC-USD,Bitfinex
47704.5,3.0,2214.60144426,1632066599.0587685,BTC-USD,Bitfinex
47703.5,1.0,2214.77581105,1632066661.394485,BTC-USD,Bitfinex
47703.5,1.0,2215.84757896,1632066724.3464844,BTC-USD,Bitfinex
47725.5,1.0,2216.12298831,1632066786.6263778,BTC-USD,Bitfinex
47745.5,1.0,2217.84042839,1632066849.2983294,BTC-USD,Bitfinex
47734.0,2.0,2219.34286901,1632066911.6907244,BTC-USD,Bitfinex
47745.5,1.0,2220.11143637,1632066974.1015296,BTC-USD,Bitfinex
47722.5,7.0,2220.52244182,1632067037.2584896,BTC-USD,Bitfinex
47697.5,1.0,2220.54380619,1632067099.8187845,BTC-USD,Bitfinex
47697.5,1.0,2220.54380619,1632067162.169467,BTC-USD,Bitfinex
47678.5,1.0,2185.55699559,1632067225.7222705,BTC-USD,Bitfinex
47698.5,1.0,2185.63880114,1632067288.0356083,BTC-USD,Bitfinex
47720.5,1.0,2185.6804833,1632067350.410454,BTC-USD,Bitfinex
47642.5,7.0,2190.57345352,1632067413.014491,BTC-USD,Bitfinex
47650.5,3.0,2190.67601158,1632067475.4584897,BTC-USD,Bitfinex
47580.5,1.0,2194.18812019,1632067538.4302473,BTC-USD,Bitfinex
47585.5,1.0,2204.40658014,1632067601.3623338,BTC-USD,Bitfinex
47563.5,1.0,2204.90336211,1632067664.2024136,BTC-USD,Bitfinex
47586.5,1.0,2205.23415029,1632067726.5308983,BTC-USD,Bitfinex
47617.5,1.0,2206.86128097,1632067788.7624378,BTC-USD,Bitfinex
47625.5,1.0,2207.50456468,1632067851.042333,BTC-USD,Bitfinex
47668.5,1.0,2207.98256636,1632067913.3784926,BTC-USD,Bitfinex
47684.5,1.0,2208.63086266,1632067975.6584156,BTC-USD,Bitfinex
47687.5,1.0,2208.73232872,1632068038.1774924,BTC-USD,Bitfinex
47681.5,1.0,2209.31100686,1632068101.2826188,BTC-USD,Bitfinex
47682.0,2.0,2197.44261463,1632068164.098481,BTC-USD,Bitfinex
47693.0,2.0,2197.88345393,1632068226.4347546,BTC-USD,Bitfinex
47692.5,1.0,2197.88345393,1632068289.5556314,BTC-USD,Bitfinex
47715.5,3.0,2198.3456417,1632068351.8906083,BTC-USD,Bitfinex
47703.5,1.0,2199.17663716,1632068414.2073915,BTC-USD,Bitfinex
47715.5,1.0,2199.39141011,1632068476.7864895,BTC-USD,Bitfinex
47721.5,1.0,2199.53074628,1632068539.347252,BTC-USD,Bitfinex
47717.0,4.0,2199.59214787,1632068601.9064758,BTC-USD,Bitfinex
47715.5,1.0,2199.61967509,1632068664.1867208,BTC-USD,Bitfinex
47666.0,6.0,2202.88203133,1632068726.556121,BTC-USD,Bitfinex
47642.5,1.0,2203.76535283,1632068788.859252,BTC-USD,Bitfinex
47626.5,1.0,2203.92455982,1632068851.2144327,BTC-USD,Bitfinex
47629.0,2.0,2205.93428475,1632068913.4186404,BTC-USD,Bitfinex
47625.5,1.0,2206.04240347,1632068976.482786,BTC-USD,Bitfinex
47630.5,1.0,2182.45708212,1632069039.0986912,BTC-USD,Bitfinex
47632.5,1.0,2182.61708293,1632069101.434487,BTC-USD,Bitfinex
47633.5,1.0,2182.82742578,1632069164.1628835,BTC-USD,Bitfinex
47633.5,1.0,2182.88908201,1632069228.2350435,BTC-USD,Bitfinex
47634.5,1.0,2183.4673752,1632069290.4584994,BTC-USD,Bitfinex
47643.5,1.0,2183.54887644,1632069352.962489,BTC-USD,Bitfinex
47669.5,1.0,2183.71488835,1632069415.5786111,BTC-USD,Bitfinex
47678.5,1.0,2186.08251759,1632069477.8587294,BTC-USD,Bitfinex
47699.5,7.0,2187.77855277,1632069540.810516,BTC-USD,Bitfinex
47719.5,1.0,2189.47575086,1632069603.650521,BTC-USD,Bitfinex
47718.5,1.0,2189.53209439,1632069666.1547394,BTC-USD,Bitfinex
47675.5,1.0,2195.58561991,1632069728.7707512,BTC-USD,Bitfinex
47668.5,1.0,2197.97423274,1632069791.0824938,BTC-USD,Bitfinex
47610.5,1.0,2205.16594093,1632069853.530748,BTC-USD,Bitfinex
47552.5,1.0,2207.65534349,1632069915.8669891,BTC-USD,Bitfinex
47571.5,1.0,2175.37743741,1632069978.2586925,BTC-USD,Bitfinex
47595.5,3.0,2178.92571414,1632070040.5146775,BTC-USD,Bitfinex
47609.5,1.0,2179.62232938,1632070102.9304898,BTC-USD,Bitfinex
47588.5,1.0,2179.82201774,1632070165.3229208,BTC-USD,Bitfinex
47589.0,4.0,2179.88693656,1632070227.6701634,BTC-USD,Bitfinex
47617.5,1.0,2180.18437823,1632070290.6694512,BTC-USD,Bitfinex
47618.5,1.0,2180.2895758,1632070353.7871609,BTC-USD,Bitfinex
47623.5,1.0,2180.67488473,1632070416.122759,BTC-USD,Bitfinex
47597.5,1.0,2180.83804291,1632070478.627118,BTC-USD,Bitfinex
47586.5,1.0,2180.97888619,1632070541.0744655,BTC-USD,Bitfinex
47586.5,1.0,2180.97888619,1632070603.466442,BTC-USD,Bitfinex
47586.5,1.0,2180.97888619,1632070666.310687,BTC-USD,Bitfinex
47586.5,1.0,2180.98388619,1632070728.7544878,BTC-USD,Bitfinex
47575.5,1.0,2180.99388619,1632070791.2585986,BTC-USD,Bitfinex
47575.5,1.0,2163.58495472,1632070853.6502447,BTC-USD,Bitfinex
47596.5,1.0,2165.51495714,1632070916.0992565,BTC-USD,Bitfinex
47596.5,1.0,2165.51949911,1632070979.3307688,BTC-USD,Bitfinex
47596.5,1.0,2165.53371245,1632071042.0025802,BTC-USD,Bitfinex
47596.5,1.0,2165.66864984,1632071104.4504678,BTC-USD,Bitfinex
47618.5,1.0,2165.98291853,1632071166.8984847,BTC-USD,Bitfinex
47619.5,1.0,2166.25844008,1632071229.4023633,BTC-USD,Bitfinex
47629.5,1.0,2166.27411229,1632071291.8507652,BTC-USD,Bitfinex
47629.5,1.0,2166.28535859,1632071354.2424617,BTC-USD,Bitfinex
47648.5,1.0,2166.55798969,1632071416.620895,BTC-USD,Bitfinex
47640.5,1.0,2166.88114553,1632071479.026495,BTC-USD,Bitfinex
47588.5,1.0,2167.6435194,1632071541.5066583,BTC-USD,Bitfinex
47602.5,1.0,2167.6818994,1632071603.9546134,BTC-USD,Bitfinex
47588.5,1.0,2167.87171982,1632071666.6276958,BTC-USD,Bitfinex
47589.5,1.0,2167.89171982,1632071728.9063218,BTC-USD,Bitfinex
47587.5,1.0,2098.26506042,1632071791.298641,BTC-USD,Bitfinex
47638.5,1.0,2100.1272402,1632071854.026484,BTC-USD,Bitfinex
47640.5,1.0,2100.1372402,1632071916.8112657,BTC-USD,Bitfinex
47633.5,3.0,2100.1422402,1632071979.7067308,BTC-USD,Bitfinex
47640.5,1.0,2100.1502402,1632072042.266484,BTC-USD,Bitfinex
47639.5,3.0,2100.1502402,1632072105.1069646,BTC-USD,Bitfinex
47640.5,1.0,2100.37386987,1632072167.6104853,BTC-USD,Bitfinex
47638.0,2.0,2100.79376967,1632072230.8425183,BTC-USD,Bitfinex
47638.5,1.0,2100.96358211,1632072293.1223774,BTC-USD,Bitfinex
47638.5,1.0,2100.97358211,1632072355.6825562,BTC-USD,Bitfinex
47500.005000000005,0.0100000000020372,27666.57061,1632060485.4427755,BTC-USD,Binance
47464.195,0.0099999999947613,27689.75323,1632060547.6632173,BTC-USD,Binance
47456.985,0.0099999999947613,27698.11668,1632060609.8314786,BTC-USD,Binance
47408.995,0.0100000000020372,27712.895,1632060671.9432776,BTC-USD,Binance
47485.505000000005,0.0100000000020372,27923.24859,1632060734.11124,BTC-USD,Binance
47487.545,0.0100000000020372,27939.05487,1632060796.279189,BTC-USD,Binance
47530.005000000005,0.0100000000020372,27934.85343,1632060858.503194,BTC-USD,Binance
47483.815,0.0100000000020372,27993.62688,1632060921.3433585,BTC-USD,Binance
47524.005000000005,0.0100000000020372,27984.27054,1632060983.5112216,BTC-USD,Binance
47549.775,0.0100000000020372,28008.6569,1632061045.6793096,BTC-USD,Binance
47539.165,0.0099999999947613,28013.13876,1632061107.9031916,BTC-USD,Binance
47530.695,0.0099999999947613,28022.05642,1632061170.12717,BTC-USD,Binance
47512.015,0.0099999999947613,28009.01518,1632061233.0723312,BTC-USD,Binance
47490.745,0.0100000000020372,28029.22467,1632061295.2475991,BTC-USD,Binance
47523.965,0.0100000000020372,28197.21887,1632061357.415518,BTC-USD,Binance
47518.505000000005,0.0100000000020372,28204.97493,1632061419.5831585,BTC-USD,Binance
47510.555,0.0099999999947613,28208.89575,1632061481.7511764,BTC-USD,Binance
47517.375,0.0099999999947613,28206.30032,1632061543.8631265,BTC-USD,Binance
47487.805,0.0099999999947613,28207.61044,1632061606.2553236,BTC-USD,Binance
47489.925,0.0100000000020372,28195.87256,1632061668.7592824,BTC-USD,Binance
47472.075,0.0100000000020372,28155.88396,1632061730.927169,BTC-USD,Binance
47449.045,0.0100000000020372,28166.59222,1632061793.263211,BTC-USD,Binance
47482.905,0.0100000000020372,28172.69093,1632061856.0471046,BTC-USD,Binance
47480.505000000005,0.0100000000020372,28178.0849,1632061918.1591928,BTC-USD,Binance
47473.255000000005,0.0100000000020372,28184.06319,1632061980.2712123,BTC-USD,Binance
47487.425,0.0100000000020372,28144.25873,1632062042.7030478,BTC-USD,Binance
47467.145,0.0100000000020372,28173.92058,1632062104.9991314,BTC-USD,Binance
47483.425,0.0100000000020372,28166.67121,1632062167.279178,BTC-USD,Binance
47487.475000000006,0.0100000000020372,28152.20121,1632062229.44725,BTC-USD,Binance
47473.535,0.0100000000020372,28156.40973,1632062291.7832236,BTC-USD,Binance
47476.435,0.0100000000020372,28118.06273,1632062354.119172,BTC-USD,Binance
47482.385,0.0100000000020372,28121.72482,1632062416.3432102,BTC-USD,Binance
47498.495,0.0100000000020372,28123.09291,1632062478.6232023,BTC-USD,Binance
47560.315,0.0100000000020372,28141.36982,1632062540.8472347,BTC-USD,Binance
47613.155,0.0100000000020372,28210.41618,1632062603.103614,BTC-USD,Binance
47600.935,0.0100000000020372,28230.15053,1632062665.3834746,BTC-USD,Binance
47607.915,0.0099999999947613,28282.81882,1632062727.8311434,BTC-USD,Binance
47631.995,0.0100000000020372,28300.81749,1632062790.1112027,BTC-USD,Binance
47649.405,0.0100000000020372,28317.93929,1632062852.2872286,BTC-USD,Binance
47634.615000000005,0.0100000000020372,28349.39151,1632062914.5271332,BTC-USD,Binance
47635.775,0.0100000000020372,28367.47747,1632062976.7273078,BTC-USD,Binance
47669.225000000006,0.0100000000020372,28316.59736,1632063038.8952472,BTC-USD,Binance
47685.545,0.0100000000020372,28313.34361,1632063101.063123,BTC-USD,Binance
47653.175,0.0100000000020372,28353.41656,1632063163.6272128,BTC-USD,Binance
47602.965,0.0100000000020372,28392.57055,1632063225.7912023,BTC-USD,Binance
47593.705,0.0100000000020372,28404.78216,1632063288.6312296,BTC-USD,Binance
47599.035,0.0100000000020372,28416.06459,1632063350.855198,BTC-USD,Binance
47625.605,0.0100000000020372,28416.90972,1632063413.1351907,BTC-USD,Binance
47614.035,0.0100000000020372,28420.28929,1632063475.9751425,BTC-USD,Binance
47610.995,0.0100000000020372,28442.0832,1632063538.9032104,BTC-USD,Binance
47585.505000000005,2.0499999999956344,28460.55933,1632063601.362911,BTC-USD,Binance
47590.225000000006,0.0100000000020372,28461.10772,1632063664.21522,BTC-USD,Binance
47611.535,0.0100000000020372,28463.55936,1632063726.4951682,BTC-USD,Binance
47610.005000000005,0.0100000000020372,28438.85303,1632063788.719201,BTC-USD,Binance
47629.985,0.0099999999947613,28431.26239,1632063850.9431217,BTC-USD,Binance
47629.645,0.0100000000020372,28430.32998,1632063913.2351098,BTC-USD,Binance
47669.495,0.0100000000020372,28440.72428,1632063975.7272818,BTC-USD,Binance
47674.225000000006,0.0100000000020372,28443.74239,1632064037.9511988,BTC-USD,Binance
47644.705,0.0100000000020372,28452.09669,1632064100.4098735,BTC-USD,Binance
47630.805,0.0099999999947613,28431.54288,1632064163.351176,BTC-USD,Binance
47612.435,0.0100000000020372,28443.24866,1632064225.8033428,BTC-USD,Binance
47615.015,0.0099999999947613,28431.25073,1632064288.1352,BTC-USD,Binance
47591.475000000006,0.0100000000020372,28432.81726,1632064350.6392474,BTC-USD,Binance
47582.295,0.0100000000020372,28425.1701,1632064412.91921,BTC-USD,Binance
47551.345,0.0100000000020372,28446.10234,1632064475.243163,BTC-USD,Binance
47596.645,0.0100000000020372,28443.08584,1632064538.0154352,BTC-USD,Binance
47666.655,0.0100000000020372,28457.75785,1632064600.3271756,BTC-USD,Binance
47646.095,0.0100000000020372,28460.81586,1632064662.8552732,BTC-USD,Binance
47660.315,0.0100000000020372,28461.60615,1632064725.6393292,BTC-USD,Binance
47649.995,0.0100000000020372,28463.27573,1632064788.1434212,BTC-USD,Binance
47678.845,0.0100000000020372,28471.5065,1632064850.367252,BTC-USD,Binance
47677.865000000005,0.0100000000020372,28496.13409,1632064912.6471615,BTC-USD,Binance
47653.105,0.0100000000020372,28488.43057,1632064975.3754573,BTC-USD,Binance
47652.825,0.0100000000020372,28488.02555,1632065037.5994637,BTC-USD,Binance
47634.865000000005,0.0100000000020372,28500.96169,1632065099.8796675,BTC-USD,Binance
47674.005000000005,0.0100000000020372,28501.20237,1632065162.431184,BTC-USD,Binance
47674.935,0.0100000000020372,28500.55095,1632065225.0551326,BTC-USD,Binance
47657.505000000005,0.0100000000020372,28505.69632,1632065287.427389,BTC-USD,Binance
47652.945,0.0099999999947613,28514.55688,1632065349.839095,BTC-USD,Binance
47652.655,0.0100000000020372,28515.05392,1632065412.175249,BTC-USD,Binance
47657.035,0.0100000000020372,28530.52761,1632065474.7352722,BTC-USD,Binance
47642.675,0.0100000000020372,28549.07467,1632065537.3511355,BTC-USD,Binance
47620.805,0.0099999999947613,28555.5991,1632065599.659084,BTC-USD,Binance
47623.535,0.0100000000020372,28545.91307,1632065662.1179645,BTC-USD,Binance
47619.345,0.0100000000020372,28538.15657,1632065724.434658,BTC-USD,Binance
47650.835,0.0099999999947613,28540.58659,1632065786.639151,BTC-USD,Binance
47677.885,0.0100000000020372,28538.98216,1632065849.1893485,BTC-USD,Binance
47703.835,0.0099999999947613,28555.22624,1632065911.7072697,BTC-USD,Binance
47732.815,0.0100000000020372,28629.96455,1632065973.9891768,BTC-USD,Binance
47740.205,0.0100000000020372,28636.45067,1632066036.8231823,BTC-USD,Binance
47739.995,0.0100000000020372,28641.25055,1632066099.103264,BTC-USD,Binance
47743.415,0.0099999999947613,28643.77425,1632066161.6071465,BTC-USD,Binance
47720.235,0.0099999999947613,28670.48164,1632066223.8871992,BTC-USD,Binance
47697.435,0.0100000000020372,28656.40749,1632066286.1112173,BTC-USD,Binance
47732.345,0.0100000000020372,28643.7501,1632066348.391301,BTC-USD,Binance
47716.515,0.0099999999947613,28637.07671,1632066411.2672,BTC-USD,Binance
47717.605,0.0100000000020372,28637.03196,1632066473.9911404,BTC-USD,Binance
47687.505000000005,0.0100000000020372,28636.311,1632066536.6992228,BTC-USD,Binance
47683.995,0.0100000000020372,28634.97344,1632066599.055288,BTC-USD,Binance
47687.475000000006,0.0100000000020372,28635.47784,1632066661.3911843,BTC-USD,Binance
47684.005000000005,0.0100000000020372,28627.01034,1632066724.3432157,BTC-USD,Binance
47712.845,0.0100000000020372,28629.74999,1632066786.623154,BTC-USD,Binance
47721.885,0.0100000000020372,28517.70066,1632066849.2951467,BTC-USD,Binance
47722.805,0.0099999999947613,28493.03466,1632066911.687312,BTC-USD,Binance
47730.005000000005,0.0100000000020372,28486.75036,1632066974.0982387,BTC-USD,Binance
47693.965,0.0100000000020372,28534.64538,1632067037.255195,BTC-USD,Binance
47678.025,0.0100000000020372,28542.39635,1632067099.815396,BTC-USD,Binance
47667.985,0.0099999999947613,28555.1714,1632067162.1654384,BTC-USD,Binance
47654.675,0.0100000000020372,28534.29968,1632067225.7190914,BTC-USD,Binance
47686.185,0.0100000000020372,28544.74252,1632067288.0323958,BTC-USD,Binance
47634.630000000005,7.099999999998545,28567.48413,1632067350.4071603,BTC-USD,Binance
47638.055,0.0099999999947613,28569.95605,1632067413.0111637,BTC-USD,Binance
47637.305,0.0099999999947613,28574.91304,1632067475.4552388,BTC-USD,Binance
47514.79,5.0,28756.86966,1632067538.4270582,BTC-USD,Binance
47562.515,0.0099999999947613,28936.58823,1632067601.359107,BTC-USD,Binance
47552.265,0.0099999999947613,28971.68617,1632067664.1991413,BTC-USD,Binance
47596.495,0.0100000000020372,28976.71544,1632067726.5272377,BTC-USD,Binance
47597.985,0.0099999999947613,28916.5706,1632067788.7591505,BTC-USD,Binance
47632.975000000006,0.0100000000020372,28931.6851,1632067851.0391011,BTC-USD,Binance
47664.725000000006,0.0100000000020372,28932.87947,1632067913.3752477,BTC-USD,Binance
47661.755000000005,0.2099999999991268,28945.70865,1632067975.655166,BTC-USD,Binance
47671.595,0.0100000000020372,28918.72158,1632068038.174186,BTC-USD,Binance
47650.005000000005,0.0100000000020372,28917.99039,1632068101.2792568,BTC-USD,Binance
47660.485,0.0099999999947613,28928.55989,1632068164.0951917,BTC-USD,Binance
47676.365000000005,0.0100000000020372,28934.73131,1632068226.4312758,BTC-USD,Binance
47689.365000000005,0.0100000000020372,28940.12456,1632068289.552376,BTC-USD,Binance
47695.605,0.0100000000020372,28937.93549,1632068351.8871715,BTC-USD,Binance
47689.545,0.0100000000020372,28925.85978,1632068414.204062,BTC-USD,Binance
47704.985,0.0099999999947613,28906.83538,1632068476.7831798,BTC-USD,Binance
47706.985,0.0099999999947613,28907.38708,1632068539.343406,BTC-USD,Binance
47700.005000000005,0.0100000000020372,28896.85558,1632068601.903166,BTC-USD,Binance
47668.035,0.0100000000020372,28913.1118,1632068664.1833525,BTC-USD,Binance
47636.485,0.0099999999947613,28914.18942,1632068726.5528193,BTC-USD,Binance
47613.315,0.0100000000020372,28919.06092,1632068788.8551433,BTC-USD,Binance
47627.36,0.5200000000040745,28934.71328,1632068851.2111723,BTC-USD,Binance
47621.745,0.0100000000020372,28927.37149,1632068913.4152238,BTC-USD,Binance
47610.025,0.0100000000020372,28918.42449,1632068976.479359,BTC-USD,Binance
47621.245,0.0100000000020372,28853.55528,1632069039.095262,BTC-USD,Binance
47626.515,0.0099999999947613,28854.78433,1632069101.4311996,BTC-USD,Binance
47625.065,0.0100000000020372,28853.79665,1632069164.1593137,BTC-USD,Binance
47618.715,0.0100000000020372,28852.90411,1632069228.231406,BTC-USD,Binance
47620.345,0.0100000000020372,28862.25936,1632069290.4552317,BTC-USD,Binance
47626.345,0.0100000000020372,28866.60384,1632069352.9591966,BTC-USD,Binance
47668.445,0.0099999999947613,28874.41443,1632069415.5752084,BTC-USD,Binance
47678.645,0.0100000000020372,28877.26,1632069477.8551772,BTC-USD,Binance
47680.865000000005,0.0100000000020372,28850.68149,1632069540.8072252,BTC-USD,Binance
47700.715,0.0100000000020372,28867.00802,1632069603.6472063,BTC-USD,Binance
47686.105,0.0100000000020372,28810.05305,1632069666.1512573,BTC-USD,Binance
47645.505000000005,0.0100000000020372,28805.47861,1632069728.7673771,BTC-USD,Binance
47614.975000000006,0.0100000000020372,28801.62771,1632069791.0792804,BTC-USD,Binance
47591.385,0.0100000000020372,28809.14618,1632069853.5273385,BTC-USD,Binance
47547.785,0.0100000000020372,28830.37982,1632069915.86315,BTC-USD,Binance
47560.035,0.0100000000020372,28818.92141,1632069978.255231,BTC-USD,Binance
47583.575,0.0100000000020372,28823.96933,1632070040.5112317,BTC-USD,Binance
47570.005000000005,0.0100000000020372,28815.99209,1632070102.927297,BTC-USD,Binance
47584.895,0.0100000000020372,28817.65381,1632070165.3193145,BTC-USD,Binance
47579.805,0.0099999999947613,28822.51234,1632070227.6668684,BTC-USD,Binance
47605.505000000005,0.0100000000020372,28824.25977,1632070290.6661837,BTC-USD,Binance
47607.735,0.0099999999947613,28825.87697,1632070353.7831888,BTC-USD,Binance
47613.735,0.0099999999947613,28830.4438,1632070416.1193352,BTC-USD,Binance
47560.315,0.0100000000020372,28830.57753,1632070478.623439,BTC-USD,Binance
47564.375,0.0099999999947613,28840.53629,1632070541.071198,BTC-USD,Binance
47558.995,0.0100000000020372,28848.66139,1632070603.4632127,BTC-USD,Binance
47557.885,0.0100000000020372,28826.98396,1632070666.3072248,BTC-USD,Binance
47554.085,0.0099999999947613,28782.25481,1632070728.751196,BTC-USD,Binance
47550.015,0.0099999999947613,28778.98147,1632070791.2552323,BTC-USD,Binance
47579.995,0.0100000000020372,28789.05926,1632070853.6466742,BTC-USD,Binance
47576.925,0.0100000000020372,28792.62132,1632070916.0953124,BTC-USD,Binance
47586.305,0.0099999999947613,28795.68926,1632070979.3273413,BTC-USD,Binance
47582.455,0.0100000000020372,28786.4257,1632071041.999211,BTC-USD,Binance
47577.985,0.0099999999947613,28795.5025,1632071104.4471843,BTC-USD,Binance
47610.015,0.0099999999947613,28794.8083,1632071166.8952534,BTC-USD,Binance
47610.375,0.0099999999947613,28795.217,1632071229.3990965,BTC-USD,Binance
47619.665,0.0099999999947613,28800.08134,1632071291.8473067,BTC-USD,Binance
47611.515,0.0099999999947613,28799.73187,1632071354.2391772,BTC-USD,Binance
47640.475000000006,0.0100000000020372,28813.47224,1632071416.617589,BTC-USD,Binance
47621.235,0.0099999999947613,28821.21544,1632071479.0231688,BTC-USD,Binance
47565.915,0.0099999999947613,28848.76986,1632071541.5033064,BTC-USD,Binance
47595.015,0.0099999999947613,28843.43144,1632071603.951261,BTC-USD,Binance
47565.745,0.0100000000020372,28834.84859,1632071666.6234548,BTC-USD,Binance
47559.725000000006,0.0100000000020372,28787.85778,1632071728.9031458,BTC-USD,Binance
47555.785,0.0100000000020372,28731.64756,1632071791.2952423,BTC-USD,Binance
47615.175,0.0100000000020372,28721.23775,1632071854.023188,BTC-USD,Binance
47629.995,0.0100000000020372,28715.63355,1632071916.807364,BTC-USD,Binance
47619.565,0.0100000000020372,28706.65077,1632071979.7032208,BTC-USD,Binance
47626.095,0.0100000000020372,28676.36991,1632072042.2631764,BTC-USD,Binance
47629.985,0.0099999999947613,28652.77067,1632072105.1034107,BTC-USD,Binance
47628.125,0.0099999999947613,28637.40752,1632072167.6071994,BTC-USD,Binance
47620.855,0.0100000000020372,28625.50252,1632072230.839196,BTC-USD,Binance
47631.715,0.0100000000020372,28622.94318,1632072293.1191263,BTC-USD,Binance
47627.975000000006,0.0100000000020372,28607.26658,1632072355.679135,BTC-USD,Binance
